role_id	role	role_level	band	skill_id	skill	expected_level	expected_level_number
accessibility-specialist	Accessibility specialist	Junior accessibility specialist	5	pcf:communicating-information	Communicating information	awareness	1
accessibility-specialist	Accessibility specialist	Junior accessibility specialist	5	pcf:consultancy	Consultancy	awareness	1
accessibility-specialist	Accessibility specialist	Junior accessibility specialist	5	pcf:technical-understanding-accessibility	Technical understanding (accessibility)	working	2
accessibility-specialist	Accessibility specialist	Junior accessibility specialist	5	pcf:testing	Testing	awareness	1
accessibility-specialist	Accessibility specialist	Junior accessibility specialist	5	pcf:user-focus	User focus	awareness	1
accessibility-specialist	Accessibility specialist	Junior accessibility specialist	5	health-care-context	Understanding health and care services	awareness	1
accessibility-specialist	Accessibility specialist	Junior accessibility specialist	5	equality-diversity-inclusion	Equality, diversity, and inclusion	working	2
accessibility-specialist	Accessibility specialist	Junior accessibility specialist	5	clinical-safety	Clinical risk management	awareness	1
accessibility-specialist	Accessibility specialist	Accessibility specialist	6	pcf:communicating-information	Communicating information	working	2
accessibility-specialist	Accessibility specialist	Accessibility specialist	6	pcf:consultancy	Consultancy	working	2
accessibility-specialist	Accessibility specialist	Accessibility specialist	6	pcf:governance-and-assurance-accessibility	Governance and assurance (accessibility)	working	2
accessibility-specialist	Accessibility specialist	Accessibility specialist	6	pcf:leadership-and-guidance	Leadership and guidance	working	2
accessibility-specialist	Accessibility specialist	Accessibility specialist	6	pcf:technical-understanding-accessibility	Technical understanding (accessibility)	practitioner	3
accessibility-specialist	Accessibility specialist	Accessibility specialist	6	pcf:testing	Testing	working	2
accessibility-specialist	Accessibility specialist	Accessibility specialist	6	pcf:user-focus	User focus	working	2
accessibility-specialist	Accessibility specialist	Accessibility specialist	6	health-care-context	Understanding health and care services	working	2
accessibility-specialist	Accessibility specialist	Accessibility specialist	6	equality-diversity-inclusion	Equality, diversity, and inclusion	practitioner	3
accessibility-specialist	Accessibility specialist	Accessibility specialist	6	clinical-safety	Clinical risk management	awareness	1
accessibility-specialist	Accessibility specialist	Accessibility specialist	6	pd-safety-critical-design	Designing for clinical safety and human factors	awareness	1
accessibility-specialist	Accessibility specialist	Accessibility specialist	6	pd-health-content	Health information content	awareness	1
accessibility-specialist	Accessibility specialist	Senior accessibility specialist	7	pcf:communicating-information	Communicating information	practitioner	3
accessibility-specialist	Accessibility specialist	Senior accessibility specialist	7	pcf:consultancy	Consultancy	practitioner	3
accessibility-specialist	Accessibility specialist	Senior accessibility specialist	7	pcf:governance-and-assurance-accessibility	Governance and assurance (accessibility)	practitioner	3
accessibility-specialist	Accessibility specialist	Senior accessibility specialist	7	pcf:leadership-and-guidance	Leadership and guidance	practitioner	3
accessibility-specialist	Accessibility specialist	Senior accessibility specialist	7	pcf:technical-understanding-accessibility	Technical understanding (accessibility)	expert	4
accessibility-specialist	Accessibility specialist	Senior accessibility specialist	7	pcf:testing	Testing	expert	4
accessibility-specialist	Accessibility specialist	Senior accessibility specialist	7	pcf:user-focus	User focus	practitioner	3
accessibility-specialist	Accessibility specialist	Senior accessibility specialist	7	health-care-context	Understanding health and care services	working	2
accessibility-specialist	Accessibility specialist	Senior accessibility specialist	7	equality-diversity-inclusion	Equality, diversity, and inclusion	practitioner	3
accessibility-specialist	Accessibility specialist	Senior accessibility specialist	7	clinical-safety	Clinical risk management	working	2
accessibility-specialist	Accessibility specialist	Senior accessibility specialist	7	pd-safety-critical-design	Designing for clinical safety and human factors	working	2
accessibility-specialist	Accessibility specialist	Senior accessibility specialist	7	pd-health-content	Health information content	working	2
accessibility-specialist	Accessibility specialist	Senior accessibility specialist	7	people-management	People management	working	2
accessibility-specialist	Accessibility specialist	Head of accessibility	8b	pcf:communicating-information	Communicating information	expert	4
accessibility-specialist	Accessibility specialist	Head of accessibility	8b	pcf:governance-and-assurance-accessibility	Governance and assurance (accessibility)	expert	4
accessibility-specialist	Accessibility specialist	Head of accessibility	8b	pcf:leadership-and-guidance	Leadership and guidance	expert	4
accessibility-specialist	Accessibility specialist	Head of accessibility	8b	pcf:technical-understanding-accessibility	Technical understanding (accessibility)	practitioner	3
accessibility-specialist	Accessibility specialist	Head of accessibility	8b	pcf:testing	Testing	practitioner	3
accessibility-specialist	Accessibility specialist	Head of accessibility	8b	pcf:user-focus	User focus	expert	4
accessibility-specialist	Accessibility specialist	Head of accessibility	8b	health-care-context	Understanding health and care services	practitioner	3
accessibility-specialist	Accessibility specialist	Head of accessibility	8b	equality-diversity-inclusion	Equality, diversity, and inclusion	expert	4
accessibility-specialist	Accessibility specialist	Head of accessibility	8b	clinical-safety	Clinical risk management	working	2
accessibility-specialist	Accessibility specialist	Head of accessibility	8b	pd-safety-critical-design	Designing for clinical safety and human factors	working	2
accessibility-specialist	Accessibility specialist	Head of accessibility	8b	governance-and-compliance	Corporate governance and compliance	practitioner	3
accessibility-specialist	Accessibility specialist	Head of accessibility	8b	people-management	People management	practitioner	3
administrator	Administrator	Administrative assistant	2	corp-administration	Office administration	awareness	1
administrator	Administrator	Administrative assistant	2	corp-office-software	Digital office tools	working	2
administrator	Administrator	Administrative assistant	2	corp-correspondence-management	Correspondence and enquiry handling	awareness	1
administrator	Administrator	Administrative assistant	2	corp-diary-and-meeting-management	Diary and meeting management	awareness	1
administrator	Administrator	Administrative assistant	2	information-governance	Information governance and data protection	awareness	1
administrator	Administrator	Administrative assistant	2	health-care-context	Understanding health and care services	awareness	1
administrator	Administrator	Administrative assistant	2	equality-diversity-inclusion	Equality, diversity, and inclusion	awareness	1
administrator	Administrator	Administrator	3	corp-administration	Office administration	working	2
administrator	Administrator	Administrator	3	corp-office-software	Digital office tools	working	2
administrator	Administrator	Administrator	3	corp-correspondence-management	Correspondence and enquiry handling	working	2
administrator	Administrator	Administrator	3	corp-diary-and-meeting-management	Diary and meeting management	working	2
administrator	Administrator	Administrator	3	corp-minute-taking	Minute-taking and meeting records	working	2
administrator	Administrator	Administrator	3	information-governance	Information governance and data protection	working	2
administrator	Administrator	Administrator	3	health-care-context	Understanding health and care services	awareness	1
administrator	Administrator	Senior administrator	4	corp-administration	Office administration	practitioner	3
administrator	Administrator	Senior administrator	4	corp-office-software	Digital office tools	practitioner	3
administrator	Administrator	Senior administrator	4	corp-correspondence-management	Correspondence and enquiry handling	working	2
administrator	Administrator	Senior administrator	4	corp-diary-and-meeting-management	Diary and meeting management	working	2
administrator	Administrator	Senior administrator	4	corp-minute-taking	Minute-taking and meeting records	practitioner	3
administrator	Administrator	Senior administrator	4	information-governance	Information governance and data protection	working	2
administrator	Administrator	Senior administrator	4	people-management	People management	working	2
administrator	Administrator	Senior administrator	4	budget-management	Budget management	awareness	1
analytics-engineer	Analytics engineer	Trainee analytics engineer	4	pcf:communicating-between-the-technical-and-non-technical	Communicating between the technical and non-technical	awareness	1
analytics-engineer	Analytics engineer	Trainee analytics engineer	4	pcf:data-analysis-and-synthesis	Data analysis and synthesis	awareness	1
analytics-engineer	Analytics engineer	Trainee analytics engineer	4	pcf:data-innovation	Data innovation	awareness	1
analytics-engineer	Analytics engineer	Trainee analytics engineer	4	pcf:data-modelling-cleansing-and-enrichment	Data modelling, cleansing and enrichment	awareness	1
analytics-engineer	Analytics engineer	Trainee analytics engineer	4	pcf:metadata-management	Metadata management	awareness	1
analytics-engineer	Analytics engineer	Trainee analytics engineer	4	pcf:problem-management	Problem management	awareness	1
analytics-engineer	Analytics engineer	Trainee analytics engineer	4	pcf:testing	Testing	awareness	1
analytics-engineer	Analytics engineer	Trainee analytics engineer	4	pcf:turning-business-problems-into-data-design	Turning business problems into data design	awareness	1
analytics-engineer	Analytics engineer	Trainee analytics engineer	4	health-care-context	Understanding health and care services	awareness	1
analytics-engineer	Analytics engineer	Trainee analytics engineer	4	information-governance	Information governance and data protection	awareness	1
analytics-engineer	Analytics engineer	Trainee analytics engineer	4	data-quality	Data quality management	awareness	1
analytics-engineer	Analytics engineer	Trainee analytics engineer	4	clinical-terminology	Clinical terminology and classification	awareness	1
analytics-engineer	Analytics engineer	Analytics engineer	6	pcf:communicating-between-the-technical-and-non-technical	Communicating between the technical and non-technical	working	2
analytics-engineer	Analytics engineer	Analytics engineer	6	pcf:data-analysis-and-synthesis	Data analysis and synthesis	working	2
analytics-engineer	Analytics engineer	Analytics engineer	6	pcf:data-innovation	Data innovation	awareness	1
analytics-engineer	Analytics engineer	Analytics engineer	6	pcf:data-modelling-cleansing-and-enrichment	Data modelling, cleansing and enrichment	working	2
analytics-engineer	Analytics engineer	Analytics engineer	6	pcf:metadata-management	Metadata management	working	2
analytics-engineer	Analytics engineer	Analytics engineer	6	pcf:problem-management	Problem management	awareness	1
analytics-engineer	Analytics engineer	Analytics engineer	6	pcf:programming-and-build-data-and-analytics-engineering	Programming and build (data and analytics engineering)	working	2
analytics-engineer	Analytics engineer	Analytics engineer	6	pcf:testing	Testing	awareness	1
analytics-engineer	Analytics engineer	Analytics engineer	6	pcf:turning-business-problems-into-data-design	Turning business problems into data design	working	2
analytics-engineer	Analytics engineer	Analytics engineer	6	health-care-context	Understanding health and care services	working	2
analytics-engineer	Analytics engineer	Analytics engineer	6	information-governance	Information governance and data protection	working	2
analytics-engineer	Analytics engineer	Analytics engineer	6	data-quality	Data quality management	working	2
analytics-engineer	Analytics engineer	Analytics engineer	6	clinical-terminology	Clinical terminology and classification	working	2
analytics-engineer	Analytics engineer	Analytics engineer	6	data-deidentification	Pseudonymisation and disclosure control	awareness	1
analytics-engineer	Analytics engineer	Senior analytics engineer	7	pcf:communicating-between-the-technical-and-non-technical	Communicating between the technical and non-technical	working	2
analytics-engineer	Analytics engineer	Senior analytics engineer	7	pcf:data-analysis-and-synthesis	Data analysis and synthesis	working	2
analytics-engineer	Analytics engineer	Senior analytics engineer	7	pcf:data-innovation	Data innovation	working	2
analytics-engineer	Analytics engineer	Senior analytics engineer	7	pcf:data-modelling-cleansing-and-enrichment	Data modelling, cleansing and enrichment	practitioner	3
analytics-engineer	Analytics engineer	Senior analytics engineer	7	pcf:metadata-management	Metadata management	practitioner	3
analytics-engineer	Analytics engineer	Senior analytics engineer	7	pcf:problem-management	Problem management	working	2
analytics-engineer	Analytics engineer	Senior analytics engineer	7	pcf:programming-and-build-data-and-analytics-engineering	Programming and build (data and analytics engineering)	practitioner	3
analytics-engineer	Analytics engineer	Senior analytics engineer	7	pcf:testing	Testing	working	2
analytics-engineer	Analytics engineer	Senior analytics engineer	7	pcf:turning-business-problems-into-data-design	Turning business problems into data design	practitioner	3
analytics-engineer	Analytics engineer	Senior analytics engineer	7	health-care-context	Understanding health and care services	practitioner	3
analytics-engineer	Analytics engineer	Senior analytics engineer	7	information-governance	Information governance and data protection	working	2
analytics-engineer	Analytics engineer	Senior analytics engineer	7	data-quality	Data quality management	practitioner	3
analytics-engineer	Analytics engineer	Senior analytics engineer	7	clinical-terminology	Clinical terminology and classification	practitioner	3
analytics-engineer	Analytics engineer	Senior analytics engineer	7	data-deidentification	Pseudonymisation and disclosure control	working	2
analytics-engineer	Analytics engineer	Lead analytics engineer	8a	pcf:communicating-between-the-technical-and-non-technical	Communicating between the technical and non-technical	practitioner	3
analytics-engineer	Analytics engineer	Lead analytics engineer	8a	pcf:data-analysis-and-synthesis	Data analysis and synthesis	practitioner	3
analytics-engineer	Analytics engineer	Lead analytics engineer	8a	pcf:data-innovation	Data innovation	practitioner	3
analytics-engineer	Analytics engineer	Lead analytics engineer	8a	pcf:data-modelling-cleansing-and-enrichment	Data modelling, cleansing and enrichment	practitioner	3
analytics-engineer	Analytics engineer	Lead analytics engineer	8a	pcf:metadata-management	Metadata management	practitioner	3
analytics-engineer	Analytics engineer	Lead analytics engineer	8a	pcf:problem-management	Problem management	practitioner	3
analytics-engineer	Analytics engineer	Lead analytics engineer	8a	pcf:programming-and-build-data-and-analytics-engineering	Programming and build (data and analytics engineering)	practitioner	3
analytics-engineer	Analytics engineer	Lead analytics engineer	8a	pcf:testing	Testing	working	2
analytics-engineer	Analytics engineer	Lead analytics engineer	8a	pcf:turning-business-problems-into-data-design	Turning business problems into data design	practitioner	3
analytics-engineer	Analytics engineer	Lead analytics engineer	8a	health-care-context	Understanding health and care services	practitioner	3
analytics-engineer	Analytics engineer	Lead analytics engineer	8a	information-governance	Information governance and data protection	practitioner	3
analytics-engineer	Analytics engineer	Lead analytics engineer	8a	data-quality	Data quality management	practitioner	3
analytics-engineer	Analytics engineer	Lead analytics engineer	8a	clinical-terminology	Clinical terminology and classification	practitioner	3
analytics-engineer	Analytics engineer	Lead analytics engineer	8a	data-deidentification	Pseudonymisation and disclosure control	working	2
analytics-engineer	Analytics engineer	Lead analytics engineer	8a	people-management	People management	practitioner	3
analytics-engineer	Analytics engineer	Head of analytics engineering	8c	pcf:communicating-between-the-technical-and-non-technical	Communicating between the technical and non-technical	expert	4
analytics-engineer	Analytics engineer	Head of analytics engineering	8c	pcf:data-analysis-and-synthesis	Data analysis and synthesis	practitioner	3
analytics-engineer	Analytics engineer	Head of analytics engineering	8c	pcf:data-innovation	Data innovation	expert	4
analytics-engineer	Analytics engineer	Head of analytics engineering	8c	pcf:data-modelling-cleansing-and-enrichment	Data modelling, cleansing and enrichment	expert	4
analytics-engineer	Analytics engineer	Head of analytics engineering	8c	pcf:metadata-management	Metadata management	expert	4
analytics-engineer	Analytics engineer	Head of analytics engineering	8c	pcf:problem-management	Problem management	expert	4
analytics-engineer	Analytics engineer	Head of analytics engineering	8c	pcf:programming-and-build-data-and-analytics-engineering	Programming and build (data and analytics engineering)	expert	4
analytics-engineer	Analytics engineer	Head of analytics engineering	8c	pcf:testing	Testing	working	2
analytics-engineer	Analytics engineer	Head of analytics engineering	8c	pcf:turning-business-problems-into-data-design	Turning business problems into data design	expert	4
analytics-engineer	Analytics engineer	Head of analytics engineering	8c	health-care-context	Understanding health and care services	expert	4
analytics-engineer	Analytics engineer	Head of analytics engineering	8c	information-governance	Information governance and data protection	practitioner	3
analytics-engineer	Analytics engineer	Head of analytics engineering	8c	data-quality	Data quality management	expert	4
analytics-engineer	Analytics engineer	Head of analytics engineering	8c	clinical-terminology	Clinical terminology and classification	practitioner	3
analytics-engineer	Analytics engineer	Head of analytics engineering	8c	people-management	People management	expert	4
analytics-engineer	Analytics engineer	Head of analytics engineering	8c	budget-management	Budget management	practitioner	3
application-operations-engineer	Application operations engineer	Associate application operations engineer	4	pcf:incident-management	Incident management	awareness	1
application-operations-engineer	Application operations engineer	Associate application operations engineer	4	pcf:ownership-and-initiative	Ownership and initiative	awareness	1
application-operations-engineer	Application operations engineer	Associate application operations engineer	4	pcf:problem-management	Problem management	awareness	1
application-operations-engineer	Application operations engineer	Associate application operations engineer	4	pcf:user-focus	User focus	awareness	1
application-operations-engineer	Application operations engineer	Associate application operations engineer	4	health-care-context	Understanding health and care services	awareness	1
application-operations-engineer	Application operations engineer	Associate application operations engineer	4	information-governance	Information governance and data protection	awareness	1
application-operations-engineer	Application operations engineer	Associate application operations engineer	4	identity-and-access-management	Identity and access management	working	2
application-operations-engineer	Application operations engineer	Associate application operations engineer	4	clinical-safety	Clinical risk management	awareness	1
application-operations-engineer	Application operations engineer	Application operations engineer	5	pcf:asset-and-configuration-management	Asset and configuration management	working	2
application-operations-engineer	Application operations engineer	Application operations engineer	5	pcf:availability-and-capacity-management	Availability and capacity management	working	2
application-operations-engineer	Application operations engineer	Application operations engineer	5	pcf:change-management	Change management	awareness	1
application-operations-engineer	Application operations engineer	Application operations engineer	5	pcf:continual-service-improvement	Continual service improvement	awareness	1
application-operations-engineer	Application operations engineer	Application operations engineer	5	pcf:incident-management	Incident management	awareness	1
application-operations-engineer	Application operations engineer	Application operations engineer	5	pcf:ownership-and-initiative	Ownership and initiative	working	2
application-operations-engineer	Application operations engineer	Application operations engineer	5	pcf:problem-management	Problem management	awareness	1
application-operations-engineer	Application operations engineer	Application operations engineer	5	pcf:service-focus	Service focus	working	2
application-operations-engineer	Application operations engineer	Application operations engineer	5	pcf:service-management-framework-knowledge	Service management framework knowledge	awareness	1
application-operations-engineer	Application operations engineer	Application operations engineer	5	pcf:technical-specialism	Technical specialism	awareness	1
application-operations-engineer	Application operations engineer	Application operations engineer	5	pcf:technical-understanding	Technical understanding	awareness	1
application-operations-engineer	Application operations engineer	Application operations engineer	5	pcf:testing	Testing	awareness	1
application-operations-engineer	Application operations engineer	Application operations engineer	5	pcf:user-focus	User focus	working	2
application-operations-engineer	Application operations engineer	Application operations engineer	5	health-care-context	Understanding health and care services	working	2
application-operations-engineer	Application operations engineer	Application operations engineer	5	information-governance	Information governance and data protection	working	2
application-operations-engineer	Application operations engineer	Application operations engineer	5	identity-and-access-management	Identity and access management	working	2
application-operations-engineer	Application operations engineer	Application operations engineer	5	clinical-safety	Clinical risk management	awareness	1
application-operations-engineer	Application operations engineer	Senior application operations engineer	6	pcf:asset-and-configuration-management	Asset and configuration management	working	2
application-operations-engineer	Application operations engineer	Senior application operations engineer	6	pcf:availability-and-capacity-management	Availability and capacity management	working	2
application-operations-engineer	Application operations engineer	Senior application operations engineer	6	pcf:change-management	Change management	working	2
application-operations-engineer	Application operations engineer	Senior application operations engineer	6	pcf:continual-service-improvement	Continual service improvement	working	2
application-operations-engineer	Application operations engineer	Senior application operations engineer	6	pcf:incident-management	Incident management	working	2
application-operations-engineer	Application operations engineer	Senior application operations engineer	6	pcf:ownership-and-initiative	Ownership and initiative	working	2
application-operations-engineer	Application operations engineer	Senior application operations engineer	6	pcf:problem-management	Problem management	working	2
application-operations-engineer	Application operations engineer	Senior application operations engineer	6	pcf:service-focus	Service focus	working	2
application-operations-engineer	Application operations engineer	Senior application operations engineer	6	pcf:service-management-framework-knowledge	Service management framework knowledge	awareness	1
application-operations-engineer	Application operations engineer	Senior application operations engineer	6	pcf:technical-specialism	Technical specialism	working	2
application-operations-engineer	Application operations engineer	Senior application operations engineer	6	pcf:technical-understanding	Technical understanding	working	2
application-operations-engineer	Application operations engineer	Senior application operations engineer	6	pcf:testing	Testing	working	2
application-operations-engineer	Application operations engineer	Senior application operations engineer	6	pcf:user-focus	User focus	working	2
application-operations-engineer	Application operations engineer	Senior application operations engineer	6	health-care-context	Understanding health and care services	working	2
application-operations-engineer	Application operations engineer	Senior application operations engineer	6	information-governance	Information governance and data protection	working	2
application-operations-engineer	Application operations engineer	Senior application operations engineer	6	identity-and-access-management	Identity and access management	practitioner	3
application-operations-engineer	Application operations engineer	Senior application operations engineer	6	clinical-safety	Clinical risk management	working	2
application-operations-engineer	Application operations engineer	Senior application operations engineer	6	health-data-interoperability	Health data interoperability	awareness	1
application-operations-engineer	Application operations engineer	Lead application operations engineer	7	pcf:asset-and-configuration-management	Asset and configuration management	working	2
application-operations-engineer	Application operations engineer	Lead application operations engineer	7	pcf:availability-and-capacity-management	Availability and capacity management	working	2
application-operations-engineer	Application operations engineer	Lead application operations engineer	7	pcf:change-management	Change management	practitioner	3
application-operations-engineer	Application operations engineer	Lead application operations engineer	7	pcf:continual-service-improvement	Continual service improvement	working	2
application-operations-engineer	Application operations engineer	Lead application operations engineer	7	pcf:incident-management	Incident management	practitioner	3
application-operations-engineer	Application operations engineer	Lead application operations engineer	7	pcf:ownership-and-initiative	Ownership and initiative	practitioner	3
application-operations-engineer	Application operations engineer	Lead application operations engineer	7	pcf:problem-management	Problem management	working	2
application-operations-engineer	Application operations engineer	Lead application operations engineer	7	pcf:service-focus	Service focus	working	2
application-operations-engineer	Application operations engineer	Lead application operations engineer	7	pcf:service-management-framework-knowledge	Service management framework knowledge	working	2
application-operations-engineer	Application operations engineer	Lead application operations engineer	7	pcf:technical-specialism	Technical specialism	practitioner	3
application-operations-engineer	Application operations engineer	Lead application operations engineer	7	pcf:technical-understanding	Technical understanding	working	2
application-operations-engineer	Application operations engineer	Lead application operations engineer	7	pcf:testing	Testing	practitioner	3
application-operations-engineer	Application operations engineer	Lead application operations engineer	7	pcf:user-focus	User focus	practitioner	3
application-operations-engineer	Application operations engineer	Lead application operations engineer	7	health-care-context	Understanding health and care services	practitioner	3
application-operations-engineer	Application operations engineer	Lead application operations engineer	7	information-governance	Information governance and data protection	practitioner	3
application-operations-engineer	Application operations engineer	Lead application operations engineer	7	identity-and-access-management	Identity and access management	practitioner	3
application-operations-engineer	Application operations engineer	Lead application operations engineer	7	clinical-safety	Clinical risk management	working	2
application-operations-engineer	Application operations engineer	Lead application operations engineer	7	health-data-interoperability	Health data interoperability	working	2
application-operations-engineer	Application operations engineer	Lead application operations engineer	7	medical-device-regulation	Medical device software regulation	awareness	1
application-operations-engineer	Application operations engineer	Lead application operations engineer	7	risk-management	Organisational risk management	working	2
application-operations-engineer	Application operations engineer	Lead application operations engineer	7	people-management	People management	working	2
application-operations-engineer	Application operations engineer	Principal application operations engineer	8b	pcf:asset-and-configuration-management	Asset and configuration management	practitioner	3
application-operations-engineer	Application operations engineer	Principal application operations engineer	8b	pcf:availability-and-capacity-management	Availability and capacity management	practitioner	3
application-operations-engineer	Application operations engineer	Principal application operations engineer	8b	pcf:change-management	Change management	practitioner	3
application-operations-engineer	Application operations engineer	Principal application operations engineer	8b	pcf:continual-service-improvement	Continual service improvement	practitioner	3
application-operations-engineer	Application operations engineer	Principal application operations engineer	8b	pcf:incident-management	Incident management	practitioner	3
application-operations-engineer	Application operations engineer	Principal application operations engineer	8b	pcf:ownership-and-initiative	Ownership and initiative	practitioner	3
application-operations-engineer	Application operations engineer	Principal application operations engineer	8b	pcf:problem-management	Problem management	practitioner	3
application-operations-engineer	Application operations engineer	Principal application operations engineer	8b	pcf:service-focus	Service focus	practitioner	3
application-operations-engineer	Application operations engineer	Principal application operations engineer	8b	pcf:service-management-framework-knowledge	Service management framework knowledge	practitioner	3
application-operations-engineer	Application operations engineer	Principal application operations engineer	8b	pcf:technical-specialism	Technical specialism	expert	4
application-operations-engineer	Application operations engineer	Principal application operations engineer	8b	pcf:technical-understanding	Technical understanding	practitioner	3
application-operations-engineer	Application operations engineer	Principal application operations engineer	8b	pcf:testing	Testing	expert	4
application-operations-engineer	Application operations engineer	Principal application operations engineer	8b	pcf:user-focus	User focus	practitioner	3
application-operations-engineer	Application operations engineer	Principal application operations engineer	8b	health-care-context	Understanding health and care services	practitioner	3
application-operations-engineer	Application operations engineer	Principal application operations engineer	8b	information-governance	Information governance and data protection	practitioner	3
application-operations-engineer	Application operations engineer	Principal application operations engineer	8b	identity-and-access-management	Identity and access management	practitioner	3
application-operations-engineer	Application operations engineer	Principal application operations engineer	8b	clinical-safety	Clinical risk management	practitioner	3
application-operations-engineer	Application operations engineer	Principal application operations engineer	8b	health-data-interoperability	Health data interoperability	working	2
application-operations-engineer	Application operations engineer	Principal application operations engineer	8b	medical-device-regulation	Medical device software regulation	working	2
application-operations-engineer	Application operations engineer	Principal application operations engineer	8b	risk-management	Organisational risk management	practitioner	3
application-operations-engineer	Application operations engineer	Principal application operations engineer	8b	people-management	People management	practitioner	3
application-operations-engineer	Application operations engineer	Principal application operations engineer	8b	budget-management	Budget management	working	2
business-analyst	Business analyst	Trainee business analyst	4	pcf:adapting-to-delivery-methodologies	Adapting to delivery methodologies	awareness	1
business-analyst	Business analyst	Trainee business analyst	4	pcf:business-and-user-acceptance-testing	Business and user acceptance testing	awareness	1
business-analyst	Business analyst	Trainee business analyst	4	pcf:business-modelling	Business modelling	awareness	1
business-analyst	Business analyst	Trainee business analyst	4	pcf:business-process-improvement	Business process improvement	awareness	1
business-analyst	Business analyst	Trainee business analyst	4	pcf:change-benefits-and-adoption-analysis	Change, benefits and adoption analysis	awareness	1
business-analyst	Business analyst	Trainee business analyst	4	pcf:context-problem-and-option-analysis	Context, problem and option analysis	awareness	1
business-analyst	Business analyst	Trainee business analyst	4	pcf:defining-and-managing-business-needs-user-needs-and-requirements	Defining and managing business needs, user needs and requirements	awareness	1
business-analyst	Business analyst	Trainee business analyst	4	pcf:digital-and-data-systems-analysis	Digital and data systems analysis	awareness	1
business-analyst	Business analyst	Trainee business analyst	4	pcf:stakeholder-relationship-management	Stakeholder relationship management	awareness	1
business-analyst	Business analyst	Trainee business analyst	4	health-care-context	Understanding health and care services	awareness	1
business-analyst	Business analyst	Trainee business analyst	4	clinical-safety	Clinical risk management	awareness	1
business-analyst	Business analyst	Trainee business analyst	4	information-governance	Information governance and data protection	awareness	1
business-analyst	Business analyst	Junior business analyst	5	pcf:adapting-to-delivery-methodologies	Adapting to delivery methodologies	awareness	1
business-analyst	Business analyst	Junior business analyst	5	pcf:business-and-user-acceptance-testing	Business and user acceptance testing	awareness	1
business-analyst	Business analyst	Junior business analyst	5	pcf:business-modelling	Business modelling	awareness	1
business-analyst	Business analyst	Junior business analyst	5	pcf:business-process-improvement	Business process improvement	awareness	1
business-analyst	Business analyst	Junior business analyst	5	pcf:change-benefits-and-adoption-analysis	Change, benefits and adoption analysis	awareness	1
business-analyst	Business analyst	Junior business analyst	5	pcf:context-problem-and-option-analysis	Context, problem and option analysis	awareness	1
business-analyst	Business analyst	Junior business analyst	5	pcf:defining-and-managing-business-needs-user-needs-and-requirements	Defining and managing business needs, user needs and requirements	awareness	1
business-analyst	Business analyst	Junior business analyst	5	pcf:digital-and-data-systems-analysis	Digital and data systems analysis	awareness	1
business-analyst	Business analyst	Junior business analyst	5	pcf:stakeholder-relationship-management	Stakeholder relationship management	awareness	1
business-analyst	Business analyst	Junior business analyst	5	pcf:user-experience-insight-analysis	User experience insight analysis	awareness	1
business-analyst	Business analyst	Junior business analyst	5	health-care-context	Understanding health and care services	awareness	1
business-analyst	Business analyst	Junior business analyst	5	clinical-safety	Clinical risk management	awareness	1
business-analyst	Business analyst	Junior business analyst	5	information-governance	Information governance and data protection	working	2
business-analyst	Business analyst	Junior business analyst	5	health-data-interoperability	Health data interoperability	awareness	1
business-analyst	Business analyst	Business analyst	6	pcf:adapting-to-delivery-methodologies	Adapting to delivery methodologies	working	2
business-analyst	Business analyst	Business analyst	6	pcf:business-and-user-acceptance-testing	Business and user acceptance testing	working	2
business-analyst	Business analyst	Business analyst	6	pcf:business-modelling	Business modelling	working	2
business-analyst	Business analyst	Business analyst	6	pcf:business-process-improvement	Business process improvement	working	2
business-analyst	Business analyst	Business analyst	6	pcf:change-benefits-and-adoption-analysis	Change, benefits and adoption analysis	working	2
business-analyst	Business analyst	Business analyst	6	pcf:context-problem-and-option-analysis	Context, problem and option analysis	working	2
business-analyst	Business analyst	Business analyst	6	pcf:defining-and-managing-business-needs-user-needs-and-requirements	Defining and managing business needs, user needs and requirements	working	2
business-analyst	Business analyst	Business analyst	6	pcf:digital-and-data-systems-analysis	Digital and data systems analysis	working	2
business-analyst	Business analyst	Business analyst	6	pcf:stakeholder-relationship-management	Stakeholder relationship management	working	2
business-analyst	Business analyst	Business analyst	6	pcf:user-experience-insight-analysis	User experience insight analysis	working	2
business-analyst	Business analyst	Business analyst	6	health-care-context	Understanding health and care services	working	2
business-analyst	Business analyst	Business analyst	6	clinical-safety	Clinical risk management	working	2
business-analyst	Business analyst	Business analyst	6	information-governance	Information governance and data protection	working	2
business-analyst	Business analyst	Business analyst	6	health-data-interoperability	Health data interoperability	working	2
business-analyst	Business analyst	Business analyst	6	clinical-terminology	Clinical terminology and classification	awareness	1
business-analyst	Business analyst	Senior business analyst	7	pcf:adapting-to-delivery-methodologies	Adapting to delivery methodologies	practitioner	3
business-analyst	Business analyst	Senior business analyst	7	pcf:business-and-user-acceptance-testing	Business and user acceptance testing	practitioner	3
business-analyst	Business analyst	Senior business analyst	7	pcf:business-modelling	Business modelling	practitioner	3
business-analyst	Business analyst	Senior business analyst	7	pcf:business-process-improvement	Business process improvement	practitioner	3
business-analyst	Business analyst	Senior business analyst	7	pcf:change-benefits-and-adoption-analysis	Change, benefits and adoption analysis	practitioner	3
business-analyst	Business analyst	Senior business analyst	7	pcf:context-problem-and-option-analysis	Context, problem and option analysis	practitioner	3
business-analyst	Business analyst	Senior business analyst	7	pcf:defining-and-managing-business-needs-user-needs-and-requirements	Defining and managing business needs, user needs and requirements	practitioner	3
business-analyst	Business analyst	Senior business analyst	7	pcf:digital-and-data-systems-analysis	Digital and data systems analysis	practitioner	3
business-analyst	Business analyst	Senior business analyst	7	pcf:stakeholder-relationship-management	Stakeholder relationship management	practitioner	3
business-analyst	Business analyst	Senior business analyst	7	pcf:user-experience-insight-analysis	User experience insight analysis	practitioner	3
business-analyst	Business analyst	Senior business analyst	7	health-care-context	Understanding health and care services	practitioner	3
business-analyst	Business analyst	Senior business analyst	7	clinical-safety	Clinical risk management	working	2
business-analyst	Business analyst	Senior business analyst	7	information-governance	Information governance and data protection	working	2
business-analyst	Business analyst	Senior business analyst	7	health-data-interoperability	Health data interoperability	working	2
business-analyst	Business analyst	Senior business analyst	7	clinical-terminology	Clinical terminology and classification	working	2
business-analyst	Business analyst	Senior business analyst	7	people-management	People management	working	2
business-analyst	Business analyst	Lead business analyst	8a	pcf:adapting-to-delivery-methodologies	Adapting to delivery methodologies	practitioner	3
business-analyst	Business analyst	Lead business analyst	8a	pcf:business-and-user-acceptance-testing	Business and user acceptance testing	practitioner	3
business-analyst	Business analyst	Lead business analyst	8a	pcf:business-modelling	Business modelling	expert	4
business-analyst	Business analyst	Lead business analyst	8a	pcf:business-process-improvement	Business process improvement	expert	4
business-analyst	Business analyst	Lead business analyst	8a	pcf:change-benefits-and-adoption-analysis	Change, benefits and adoption analysis	expert	4
business-analyst	Business analyst	Lead business analyst	8a	pcf:context-problem-and-option-analysis	Context, problem and option analysis	expert	4
business-analyst	Business analyst	Lead business analyst	8a	pcf:defining-and-managing-business-needs-user-needs-and-requirements	Defining and managing business needs, user needs and requirements	expert	4
business-analyst	Business analyst	Lead business analyst	8a	pcf:digital-and-data-systems-analysis	Digital and data systems analysis	expert	4
business-analyst	Business analyst	Lead business analyst	8a	pcf:stakeholder-relationship-management	Stakeholder relationship management	expert	4
business-analyst	Business analyst	Lead business analyst	8a	pcf:user-experience-insight-analysis	User experience insight analysis	practitioner	3
business-analyst	Business analyst	Lead business analyst	8a	health-care-context	Understanding health and care services	practitioner	3
business-analyst	Business analyst	Lead business analyst	8a	clinical-safety	Clinical risk management	practitioner	3
business-analyst	Business analyst	Lead business analyst	8a	information-governance	Information governance and data protection	practitioner	3
business-analyst	Business analyst	Lead business analyst	8a	health-data-interoperability	Health data interoperability	practitioner	3
business-analyst	Business analyst	Lead business analyst	8a	clinical-terminology	Clinical terminology and classification	working	2
business-analyst	Business analyst	Lead business analyst	8a	people-management	People management	practitioner	3
business-analyst	Business analyst	Head of business analysis	8c	pcf:adapting-to-delivery-methodologies	Adapting to delivery methodologies	expert	4
business-analyst	Business analyst	Head of business analysis	8c	pcf:business-and-user-acceptance-testing	Business and user acceptance testing	practitioner	3
business-analyst	Business analyst	Head of business analysis	8c	pcf:business-modelling	Business modelling	expert	4
business-analyst	Business analyst	Head of business analysis	8c	pcf:business-process-improvement	Business process improvement	expert	4
business-analyst	Business analyst	Head of business analysis	8c	pcf:change-benefits-and-adoption-analysis	Change, benefits and adoption analysis	expert	4
business-analyst	Business analyst	Head of business analysis	8c	pcf:context-problem-and-option-analysis	Context, problem and option analysis	expert	4
business-analyst	Business analyst	Head of business analysis	8c	pcf:defining-and-managing-business-needs-user-needs-and-requirements	Defining and managing business needs, user needs and requirements	expert	4
business-analyst	Business analyst	Head of business analysis	8c	pcf:digital-and-data-systems-analysis	Digital and data systems analysis	expert	4
business-analyst	Business analyst	Head of business analysis	8c	pcf:stakeholder-relationship-management	Stakeholder relationship management	expert	4
business-analyst	Business analyst	Head of business analysis	8c	pcf:user-experience-insight-analysis	User experience insight analysis	practitioner	3
business-analyst	Business analyst	Head of business analysis	8c	health-care-context	Understanding health and care services	expert	4
business-analyst	Business analyst	Head of business analysis	8c	clinical-safety	Clinical risk management	practitioner	3
business-analyst	Business analyst	Head of business analysis	8c	information-governance	Information governance and data protection	practitioner	3
business-analyst	Business analyst	Head of business analysis	8c	health-data-interoperability	Health data interoperability	practitioner	3
business-analyst	Business analyst	Head of business analysis	8c	people-management	People management	expert	4
business-analyst	Business analyst	Head of business analysis	8c	budget-management	Budget management	practitioner	3
business-architect	Business architect	Trainee business architect	5	pcf:business-architecture	Business architecture	awareness	1
business-architect	Business architect	Trainee business architect	5	pcf:communicating-information	Communicating information	awareness	1
business-architect	Business architect	Trainee business architect	5	pcf:consultancy	Consultancy	awareness	1
business-architect	Business architect	Trainee business architect	5	pcf:making-and-guiding-decisions	Making and guiding decisions	awareness	1
business-architect	Business architect	Trainee business architect	5	pcf:methods-and-tools	Methods and tools	awareness	1
business-architect	Business architect	Trainee business architect	5	pcf:strategic-thinking	Strategic thinking	awareness	1
business-architect	Business architect	Trainee business architect	5	health-care-context	Understanding health and care services	working	2
business-architect	Business architect	Trainee business architect	5	clinical-safety	Clinical risk management	awareness	1
business-architect	Business architect	Trainee business architect	5	equality-diversity-inclusion	Equality, diversity, and inclusion	awareness	1
business-architect	Business architect	Associate business architect	6	pcf:business-architecture	Business architecture	working	2
business-architect	Business architect	Associate business architect	6	pcf:communicating-information	Communicating information	practitioner	3
business-architect	Business architect	Associate business architect	6	pcf:consultancy	Consultancy	working	2
business-architect	Business architect	Associate business architect	6	pcf:making-and-guiding-decisions	Making and guiding decisions	working	2
business-architect	Business architect	Associate business architect	6	pcf:methods-and-tools	Methods and tools	working	2
business-architect	Business architect	Associate business architect	6	pcf:stakeholder-relationship-management	Stakeholder relationship management	working	2
business-architect	Business architect	Associate business architect	6	pcf:strategic-thinking	Strategic thinking	working	2
business-architect	Business architect	Associate business architect	6	health-care-context	Understanding health and care services	practitioner	3
business-architect	Business architect	Associate business architect	6	clinical-safety	Clinical risk management	awareness	1
business-architect	Business architect	Associate business architect	6	information-governance	Information governance and data protection	awareness	1
business-architect	Business architect	Associate business architect	6	equality-diversity-inclusion	Equality, diversity, and inclusion	working	2
business-architect	Business architect	Business architect	7	pcf:business-architecture	Business architecture	practitioner	3
business-architect	Business architect	Business architect	7	pcf:communicating-information	Communicating information	expert	4
business-architect	Business architect	Business architect	7	pcf:consultancy	Consultancy	practitioner	3
business-architect	Business architect	Business architect	7	pcf:making-and-guiding-decisions	Making and guiding decisions	practitioner	3
business-architect	Business architect	Business architect	7	pcf:methods-and-tools	Methods and tools	practitioner	3
business-architect	Business architect	Business architect	7	pcf:stakeholder-relationship-management	Stakeholder relationship management	practitioner	3
business-architect	Business architect	Business architect	7	pcf:strategic-design-and-business-change	Strategic design and business change	practitioner	3
business-architect	Business architect	Business architect	7	pcf:strategic-thinking	Strategic thinking	practitioner	3
business-architect	Business architect	Business architect	7	health-care-context	Understanding health and care services	practitioner	3
business-architect	Business architect	Business architect	7	clinical-safety	Clinical risk management	working	2
business-architect	Business architect	Business architect	7	information-governance	Information governance and data protection	working	2
business-architect	Business architect	Business architect	7	equality-diversity-inclusion	Equality, diversity, and inclusion	working	2
business-architect	Business architect	Business architect	7	risk-management	Organisational risk management	working	2
business-architect	Business architect	Lead business architect	8b	pcf:business-architecture	Business architecture	expert	4
business-architect	Business architect	Lead business architect	8b	pcf:communicating-information	Communicating information	expert	4
business-architect	Business architect	Lead business architect	8b	pcf:consultancy	Consultancy	practitioner	3
business-architect	Business architect	Lead business architect	8b	pcf:making-and-guiding-decisions	Making and guiding decisions	practitioner	3
business-architect	Business architect	Lead business architect	8b	pcf:methods-and-tools	Methods and tools	expert	4
business-architect	Business architect	Lead business architect	8b	pcf:stakeholder-relationship-management	Stakeholder relationship management	expert	4
business-architect	Business architect	Lead business architect	8b	pcf:strategic-design-and-business-change	Strategic design and business change	expert	4
business-architect	Business architect	Lead business architect	8b	pcf:strategic-thinking	Strategic thinking	practitioner	3
business-architect	Business architect	Lead business architect	8b	health-care-context	Understanding health and care services	expert	4
business-architect	Business architect	Lead business architect	8b	clinical-safety	Clinical risk management	working	2
business-architect	Business architect	Lead business architect	8b	information-governance	Information governance and data protection	working	2
business-architect	Business architect	Lead business architect	8b	equality-diversity-inclusion	Equality, diversity, and inclusion	practitioner	3
business-architect	Business architect	Lead business architect	8b	risk-management	Organisational risk management	practitioner	3
business-architect	Business architect	Lead business architect	8b	people-management	People management	practitioner	3
category-manager	Category manager	Category manager (digital and technology)	7	proc-category-management	Category management	practitioner	3
category-manager	Category manager	Category manager (digital and technology)	7	proc-technology-procurement	Technology and cloud procurement	practitioner	3
category-manager	Category manager	Category manager (digital and technology)	7	proc-market-analysis	Market analysis and engagement	practitioner	3
category-manager	Category manager	Category manager (digital and technology)	7	proc-negotiation	Commercial negotiation	practitioner	3
category-manager	Category manager	Category manager (digital and technology)	7	proc-procurement-process	Procurement process	practitioner	3
category-manager	Category manager	Category manager (digital and technology)	7	proc-procurement-law-and-policy	Public procurement rules and policy	practitioner	3
category-manager	Category manager	Category manager (digital and technology)	7	pcf:commercial-management	Commercial management	practitioner	3
category-manager	Category manager	Category manager (digital and technology)	7	pcf:creating-value-for-money	Creating value for money	practitioner	3
category-manager	Category manager	Category manager (digital and technology)	7	pcf:stakeholder-relationship-management	Stakeholder relationship management	practitioner	3
category-manager	Category manager	Category manager (digital and technology)	7	information-governance	Information governance and data protection	working	2
category-manager	Category manager	Senior category manager	8a	proc-category-management	Category management	expert	4
category-manager	Category manager	Senior category manager	8a	proc-technology-procurement	Technology and cloud procurement	expert	4
category-manager	Category manager	Senior category manager	8a	proc-market-analysis	Market analysis and engagement	practitioner	3
category-manager	Category manager	Senior category manager	8a	proc-negotiation	Commercial negotiation	expert	4
category-manager	Category manager	Senior category manager	8a	proc-social-value	Social value and sustainable procurement	practitioner	3
category-manager	Category manager	Senior category manager	8a	proc-procurement-law-and-policy	Public procurement rules and policy	practitioner	3
category-manager	Category manager	Senior category manager	8a	pcf:commercial-management	Commercial management	practitioner	3
category-manager	Category manager	Senior category manager	8a	pcf:creating-value-for-money	Creating value for money	expert	4
category-manager	Category manager	Senior category manager	8a	pcf:stakeholder-relationship-management	Stakeholder relationship management	practitioner	3
category-manager	Category manager	Senior category manager	8a	people-management	People management	practitioner	3
category-manager	Category manager	Head of category	8b	proc-category-management	Category management	expert	4
category-manager	Category manager	Head of category	8b	proc-technology-procurement	Technology and cloud procurement	expert	4
category-manager	Category manager	Head of category	8b	proc-negotiation	Commercial negotiation	expert	4
category-manager	Category manager	Head of category	8b	proc-procurement-law-and-policy	Public procurement rules and policy	expert	4
category-manager	Category manager	Head of category	8b	proc-social-value	Social value and sustainable procurement	practitioner	3
category-manager	Category manager	Head of category	8b	pcf:commercial-management	Commercial management	expert	4
category-manager	Category manager	Head of category	8b	pcf:creating-value-for-money	Creating value for money	expert	4
category-manager	Category manager	Head of category	8b	pcf:leadership-and-guidance	Leadership and guidance	practitioner	3
category-manager	Category manager	Head of category	8b	people-management	People management	practitioner	3
category-manager	Category manager	Head of category	8b	budget-management	Budget management	practitioner	3
change-and-release-manager	Change and release manager	Configuration analyst	4	pcf:asset-and-configuration-management	Asset and configuration management	working	2
change-and-release-manager	Change and release manager	Configuration analyst	4	pcf:availability-and-capacity-management	Availability and capacity management	awareness	1
change-and-release-manager	Change and release manager	Configuration analyst	4	pcf:change-management	Change management	awareness	1
change-and-release-manager	Change and release manager	Configuration analyst	4	pcf:community-collaboration	Community collaboration	working	2
change-and-release-manager	Change and release manager	Configuration analyst	4	pcf:continual-service-improvement	Continual service improvement	awareness	1
change-and-release-manager	Change and release manager	Configuration analyst	4	pcf:continuity-management	Continuity management	awareness	1
change-and-release-manager	Change and release manager	Configuration analyst	4	pcf:incident-management	Incident management	awareness	1
change-and-release-manager	Change and release manager	Configuration analyst	4	pcf:ownership-and-initiative	Ownership and initiative	awareness	1
change-and-release-manager	Change and release manager	Configuration analyst	4	pcf:problem-management	Problem management	awareness	1
change-and-release-manager	Change and release manager	Configuration analyst	4	pcf:service-focus	Service focus	awareness	1
change-and-release-manager	Change and release manager	Configuration analyst	4	pcf:service-management-framework-knowledge	Service management framework knowledge	awareness	1
change-and-release-manager	Change and release manager	Configuration analyst	4	pcf:technical-understanding	Technical understanding	awareness	1
change-and-release-manager	Change and release manager	Configuration analyst	4	pcf:user-focus	User focus	awareness	1
change-and-release-manager	Change and release manager	Configuration analyst	4	health-care-context	Understanding health and care services	awareness	1
change-and-release-manager	Change and release manager	Configuration analyst	4	information-governance	Information governance and data protection	awareness	1
change-and-release-manager	Change and release manager	Configuration analyst	4	clinical-safety	Clinical risk management	awareness	1
change-and-release-manager	Change and release manager	Change and release analyst	5	pcf:asset-and-configuration-management	Asset and configuration management	working	2
change-and-release-manager	Change and release manager	Change and release analyst	5	pcf:availability-and-capacity-management	Availability and capacity management	awareness	1
change-and-release-manager	Change and release manager	Change and release analyst	5	pcf:change-management	Change management	working	2
change-and-release-manager	Change and release manager	Change and release analyst	5	pcf:community-collaboration	Community collaboration	working	2
change-and-release-manager	Change and release manager	Change and release analyst	5	pcf:continual-service-improvement	Continual service improvement	awareness	1
change-and-release-manager	Change and release manager	Change and release analyst	5	pcf:continuity-management	Continuity management	awareness	1
change-and-release-manager	Change and release manager	Change and release analyst	5	pcf:incident-management	Incident management	awareness	1
change-and-release-manager	Change and release manager	Change and release analyst	5	pcf:ownership-and-initiative	Ownership and initiative	awareness	1
change-and-release-manager	Change and release manager	Change and release analyst	5	pcf:problem-management	Problem management	awareness	1
change-and-release-manager	Change and release manager	Change and release analyst	5	pcf:service-focus	Service focus	awareness	1
change-and-release-manager	Change and release manager	Change and release analyst	5	pcf:service-management-framework-knowledge	Service management framework knowledge	awareness	1
change-and-release-manager	Change and release manager	Change and release analyst	5	pcf:technical-understanding	Technical understanding	awareness	1
change-and-release-manager	Change and release manager	Change and release analyst	5	pcf:user-focus	User focus	awareness	1
change-and-release-manager	Change and release manager	Change and release analyst	5	health-care-context	Understanding health and care services	working	2
change-and-release-manager	Change and release manager	Change and release analyst	5	information-governance	Information governance and data protection	working	2
change-and-release-manager	Change and release manager	Change and release analyst	5	clinical-safety	Clinical risk management	working	2
change-and-release-manager	Change and release manager	Change and release manager	6	pcf:asset-and-configuration-management	Asset and configuration management	expert	4
change-and-release-manager	Change and release manager	Change and release manager	6	pcf:availability-and-capacity-management	Availability and capacity management	working	2
change-and-release-manager	Change and release manager	Change and release manager	6	pcf:change-management	Change management	expert	4
change-and-release-manager	Change and release manager	Change and release manager	6	pcf:community-collaboration	Community collaboration	practitioner	3
change-and-release-manager	Change and release manager	Change and release manager	6	pcf:continual-service-improvement	Continual service improvement	working	2
change-and-release-manager	Change and release manager	Change and release manager	6	pcf:continuity-management	Continuity management	awareness	1
change-and-release-manager	Change and release manager	Change and release manager	6	pcf:incident-management	Incident management	working	2
change-and-release-manager	Change and release manager	Change and release manager	6	pcf:ownership-and-initiative	Ownership and initiative	working	2
change-and-release-manager	Change and release manager	Change and release manager	6	pcf:problem-management	Problem management	working	2
change-and-release-manager	Change and release manager	Change and release manager	6	pcf:service-focus	Service focus	working	2
change-and-release-manager	Change and release manager	Change and release manager	6	pcf:service-management-framework-knowledge	Service management framework knowledge	awareness	1
change-and-release-manager	Change and release manager	Change and release manager	6	pcf:technical-understanding	Technical understanding	working	2
change-and-release-manager	Change and release manager	Change and release manager	6	pcf:user-focus	User focus	working	2
change-and-release-manager	Change and release manager	Change and release manager	6	health-care-context	Understanding health and care services	practitioner	3
change-and-release-manager	Change and release manager	Change and release manager	6	information-governance	Information governance and data protection	working	2
change-and-release-manager	Change and release manager	Change and release manager	6	clinical-safety	Clinical risk management	working	2
change-and-release-manager	Change and release manager	Change and release manager	6	risk-management	Organisational risk management	working	2
chief-clinical-information-officer	Chief clinical information officer	Deputy chief clinical information officer	8d	clin-professional-practice	Registered clinical practice in digital	expert	4
chief-clinical-information-officer	Chief clinical information officer	Deputy chief clinical information officer	8d	clinical-leadership-in-digital	Clinical leadership in digital	expert	4
chief-clinical-information-officer	Chief clinical information officer	Deputy chief clinical information officer	8d	clin-clinical-systems-optimisation	Clinical system design and optimisation	expert	4
chief-clinical-information-officer	Chief clinical information officer	Deputy chief clinical information officer	8d	clinical-safety	Clinical risk management	practitioner	3
chief-clinical-information-officer	Chief clinical information officer	Deputy chief clinical information officer	8d	clin-digital-health-evaluation	Digital health evaluation and benefits	practitioner	3
chief-clinical-information-officer	Chief clinical information officer	Deputy chief clinical information officer	8d	health-care-context	Understanding health and care services	expert	4
chief-clinical-information-officer	Chief clinical information officer	Deputy chief clinical information officer	8d	people-management	People management	practitioner	3
chief-clinical-information-officer	Chief clinical information officer	Deputy chief clinical information officer	8d	pcf:stakeholder-relationship-management	Stakeholder relationship management	expert	4
chief-clinical-information-officer	Chief clinical information officer	Deputy chief clinical information officer	8d	pcf:strategic-thinking	Strategic thinking	practitioner	3
chief-clinical-information-officer	Chief clinical information officer	Deputy chief clinical information officer	8d	pcf:leadership-and-guidance	Leadership and guidance	expert	4
chief-clinical-information-officer	Chief clinical information officer	Chief clinical information officer	9	clin-professional-practice	Registered clinical practice in digital	expert	4
chief-clinical-information-officer	Chief clinical information officer	Chief clinical information officer	9	clinical-leadership-in-digital	Clinical leadership in digital	expert	4
chief-clinical-information-officer	Chief clinical information officer	Chief clinical information officer	9	clinical-safety	Clinical risk management	expert	4
chief-clinical-information-officer	Chief clinical information officer	Chief clinical information officer	9	clin-digital-health-evaluation	Digital health evaluation and benefits	expert	4
chief-clinical-information-officer	Chief clinical information officer	Chief clinical information officer	9	health-care-context	Understanding health and care services	expert	4
chief-clinical-information-officer	Chief clinical information officer	Chief clinical information officer	9	information-governance	Information governance and data protection	practitioner	3
chief-clinical-information-officer	Chief clinical information officer	Chief clinical information officer	9	people-management	People management	expert	4
chief-clinical-information-officer	Chief clinical information officer	Chief clinical information officer	9	budget-management	Budget management	practitioner	3
chief-clinical-information-officer	Chief clinical information officer	Chief clinical information officer	9	pcf:strategic-thinking	Strategic thinking	expert	4
chief-clinical-information-officer	Chief clinical information officer	Chief clinical information officer	9	pcf:leadership-and-guidance	Leadership and guidance	expert	4
clinical-coder	Clinical coder	Trainee clinical coder	3	clinical-coding	Clinical coding	awareness	1
clinical-coder	Clinical coder	Trainee clinical coder	3	clinical-terminology	Clinical terminology and classification	awareness	1
clinical-coder	Clinical coder	Trainee clinical coder	3	health-records-management	Health records management	awareness	1
clinical-coder	Clinical coder	Trainee clinical coder	3	data-quality	Data quality management	awareness	1
clinical-coder	Clinical coder	Trainee clinical coder	3	information-governance	Information governance and data protection	awareness	1
clinical-coder	Clinical coder	Trainee clinical coder	3	health-care-context	Understanding health and care services	awareness	1
clinical-coder	Clinical coder	Clinical coder	4	clinical-coding	Clinical coding	working	2
clinical-coder	Clinical coder	Clinical coder	4	clinical-terminology	Clinical terminology and classification	working	2
clinical-coder	Clinical coder	Clinical coder	4	health-records-management	Health records management	working	2
clinical-coder	Clinical coder	Clinical coder	4	data-quality	Data quality management	working	2
clinical-coder	Clinical coder	Clinical coder	4	information-governance	Information governance and data protection	working	2
clinical-coder	Clinical coder	Clinical coder	4	health-care-context	Understanding health and care services	awareness	1
clinical-coder	Clinical coder	Clinical coder	4	pcf:communicating-information	Communicating information	awareness	1
clinical-coder	Clinical coder	Senior clinical coder	5	clinical-coding	Clinical coding	practitioner	3
clinical-coder	Clinical coder	Senior clinical coder	5	clinical-terminology	Clinical terminology and classification	working	2
clinical-coder	Clinical coder	Senior clinical coder	5	health-records-management	Health records management	working	2
clinical-coder	Clinical coder	Senior clinical coder	5	data-quality	Data quality management	working	2
clinical-coder	Clinical coder	Senior clinical coder	5	information-governance	Information governance and data protection	working	2
clinical-coder	Clinical coder	Senior clinical coder	5	health-care-context	Understanding health and care services	working	2
clinical-coder	Clinical coder	Senior clinical coder	5	pcf:communicating-information	Communicating information	working	2
clinical-coder	Clinical coder	Senior clinical coder	5	people-management	People management	awareness	1
clinical-coder	Clinical coder	Clinical coding auditor and trainer	6	clinical-coding	Clinical coding	practitioner	3
clinical-coder	Clinical coder	Clinical coding auditor and trainer	6	clinical-terminology	Clinical terminology and classification	practitioner	3
clinical-coder	Clinical coder	Clinical coding auditor and trainer	6	health-records-management	Health records management	working	2
clinical-coder	Clinical coder	Clinical coding auditor and trainer	6	data-quality	Data quality management	practitioner	3
clinical-coder	Clinical coder	Clinical coding auditor and trainer	6	information-governance	Information governance and data protection	working	2
clinical-coder	Clinical coder	Clinical coding auditor and trainer	6	health-care-context	Understanding health and care services	working	2
clinical-coder	Clinical coder	Clinical coding auditor and trainer	6	pcf:communicating-information	Communicating information	practitioner	3
clinical-coder	Clinical coder	Clinical coding auditor and trainer	6	pcf:quality-assurance-of-data-and-analysis	Quality assurance of data and analysis	working	2
clinical-coder	Clinical coder	Clinical coding auditor and trainer	6	people-management	People management	working	2
clinical-coder	Clinical coder	Clinical coding manager	7	clinical-coding	Clinical coding	expert	4
clinical-coder	Clinical coder	Clinical coding manager	7	clinical-terminology	Clinical terminology and classification	practitioner	3
clinical-coder	Clinical coder	Clinical coding manager	7	health-records-management	Health records management	practitioner	3
clinical-coder	Clinical coder	Clinical coding manager	7	data-quality	Data quality management	practitioner	3
clinical-coder	Clinical coder	Clinical coding manager	7	information-governance	Information governance and data protection	practitioner	3
clinical-coder	Clinical coder	Clinical coding manager	7	health-care-context	Understanding health and care services	practitioner	3
clinical-coder	Clinical coder	Clinical coding manager	7	pcf:stakeholder-relationship-management	Stakeholder relationship management	practitioner	3
clinical-coder	Clinical coder	Clinical coding manager	7	pcf:planning	Planning	working	2
clinical-coder	Clinical coder	Clinical coding manager	7	people-management	People management	practitioner	3
clinical-coder	Clinical coder	Clinical coding manager	7	budget-management	Budget management	working	2
clinical-informatician	Clinical informatician	Clinical informatics specialist	6	clin-professional-practice	Registered clinical practice in digital	working	2
clinical-informatician	Clinical informatician	Clinical informatics specialist	6	clinical-leadership-in-digital	Clinical leadership in digital	working	2
clinical-informatician	Clinical informatician	Clinical informatics specialist	6	clin-clinical-systems-optimisation	Clinical system design and optimisation	working	2
clinical-informatician	Clinical informatician	Clinical informatics specialist	6	clinical-safety	Clinical risk management	working	2
clinical-informatician	Clinical informatician	Clinical informatics specialist	6	clinical-terminology	Clinical terminology and classification	working	2
clinical-informatician	Clinical informatician	Clinical informatics specialist	6	clin-human-factors	Human factors and usability in clinical systems	working	2
clinical-informatician	Clinical informatician	Clinical informatics specialist	6	information-governance	Information governance and data protection	working	2
clinical-informatician	Clinical informatician	Clinical informatics specialist	6	pcf:communicating-information	Communicating information	working	2
clinical-informatician	Clinical informatician	Clinical informatics specialist	6	pcf:user-focus	User focus	working	2
clinical-informatician	Clinical informatician	Senior clinical informatician	7	clin-professional-practice	Registered clinical practice in digital	practitioner	3
clinical-informatician	Clinical informatician	Senior clinical informatician	7	clinical-leadership-in-digital	Clinical leadership in digital	practitioner	3
clinical-informatician	Clinical informatician	Senior clinical informatician	7	clin-clinical-systems-optimisation	Clinical system design and optimisation	practitioner	3
clinical-informatician	Clinical informatician	Senior clinical informatician	7	clinical-safety	Clinical risk management	working	2
clinical-informatician	Clinical informatician	Senior clinical informatician	7	clinical-terminology	Clinical terminology and classification	practitioner	3
clinical-informatician	Clinical informatician	Senior clinical informatician	7	clin-human-factors	Human factors and usability in clinical systems	practitioner	3
clinical-informatician	Clinical informatician	Senior clinical informatician	7	clin-digital-health-evaluation	Digital health evaluation and benefits	working	2
clinical-informatician	Clinical informatician	Senior clinical informatician	7	information-governance	Information governance and data protection	working	2
clinical-informatician	Clinical informatician	Senior clinical informatician	7	pcf:stakeholder-relationship-management	Stakeholder relationship management	practitioner	3
clinical-informatician	Clinical informatician	Senior clinical informatician	7	pcf:communicating-information	Communicating information	practitioner	3
clinical-informatician	Clinical informatician	Lead clinical informatician	8a	clin-professional-practice	Registered clinical practice in digital	practitioner	3
clinical-informatician	Clinical informatician	Lead clinical informatician	8a	clinical-leadership-in-digital	Clinical leadership in digital	practitioner	3
clinical-informatician	Clinical informatician	Lead clinical informatician	8a	clin-clinical-systems-optimisation	Clinical system design and optimisation	expert	4
clinical-informatician	Clinical informatician	Lead clinical informatician	8a	clinical-safety	Clinical risk management	practitioner	3
clinical-informatician	Clinical informatician	Lead clinical informatician	8a	clinical-terminology	Clinical terminology and classification	practitioner	3
clinical-informatician	Clinical informatician	Lead clinical informatician	8a	clin-human-factors	Human factors and usability in clinical systems	practitioner	3
clinical-informatician	Clinical informatician	Lead clinical informatician	8a	clin-digital-health-evaluation	Digital health evaluation and benefits	practitioner	3
clinical-informatician	Clinical informatician	Lead clinical informatician	8a	people-management	People management	practitioner	3
clinical-informatician	Clinical informatician	Lead clinical informatician	8a	pcf:stakeholder-relationship-management	Stakeholder relationship management	practitioner	3
clinical-informatician	Clinical informatician	Lead clinical informatician	8a	pcf:leadership-and-guidance	Leadership and guidance	practitioner	3
clinical-informatician	Clinical informatician	Head of clinical informatics	8c	clin-professional-practice	Registered clinical practice in digital	expert	4
clinical-informatician	Clinical informatician	Head of clinical informatics	8c	clinical-leadership-in-digital	Clinical leadership in digital	expert	4
clinical-informatician	Clinical informatician	Head of clinical informatics	8c	clin-clinical-systems-optimisation	Clinical system design and optimisation	expert	4
clinical-informatician	Clinical informatician	Head of clinical informatics	8c	clinical-safety	Clinical risk management	practitioner	3
clinical-informatician	Clinical informatician	Head of clinical informatics	8c	clinical-terminology	Clinical terminology and classification	practitioner	3
clinical-informatician	Clinical informatician	Head of clinical informatics	8c	clin-digital-health-evaluation	Digital health evaluation and benefits	expert	4
clinical-informatician	Clinical informatician	Head of clinical informatics	8c	people-management	People management	expert	4
clinical-informatician	Clinical informatician	Head of clinical informatics	8c	budget-management	Budget management	practitioner	3
clinical-informatician	Clinical informatician	Head of clinical informatics	8c	pcf:strategic-thinking	Strategic thinking	practitioner	3
clinical-informatician	Clinical informatician	Head of clinical informatics	8c	pcf:leadership-and-guidance	Leadership and guidance	expert	4
clinical-safety-officer	Clinical safety officer	Clinical safety officer	7	clin-professional-practice	Registered clinical practice in digital	practitioner	3
clinical-safety-officer	Clinical safety officer	Clinical safety officer	7	clinical-safety	Clinical risk management	practitioner	3
clinical-safety-officer	Clinical safety officer	Clinical safety officer	7	clin-human-factors	Human factors and usability in clinical systems	working	2
clinical-safety-officer	Clinical safety officer	Clinical safety officer	7	medical-device-regulation	Medical device software regulation	working	2
clinical-safety-officer	Clinical safety officer	Clinical safety officer	7	clinical-leadership-in-digital	Clinical leadership in digital	working	2
clinical-safety-officer	Clinical safety officer	Clinical safety officer	7	health-care-context	Understanding health and care services	practitioner	3
clinical-safety-officer	Clinical safety officer	Clinical safety officer	7	information-governance	Information governance and data protection	working	2
clinical-safety-officer	Clinical safety officer	Clinical safety officer	7	pcf:communicating-information	Communicating information	practitioner	3
clinical-safety-officer	Clinical safety officer	Clinical safety officer	7	pcf:enabling-and-informing-risk-based-decisions	Enabling and informing risk-based decisions	working	2
clinical-safety-officer	Clinical safety officer	Senior clinical safety officer	8a	clin-professional-practice	Registered clinical practice in digital	practitioner	3
clinical-safety-officer	Clinical safety officer	Senior clinical safety officer	8a	clinical-safety	Clinical risk management	expert	4
clinical-safety-officer	Clinical safety officer	Senior clinical safety officer	8a	clin-human-factors	Human factors and usability in clinical systems	practitioner	3
clinical-safety-officer	Clinical safety officer	Senior clinical safety officer	8a	medical-device-regulation	Medical device software regulation	practitioner	3
clinical-safety-officer	Clinical safety officer	Senior clinical safety officer	8a	clinical-leadership-in-digital	Clinical leadership in digital	practitioner	3
clinical-safety-officer	Clinical safety officer	Senior clinical safety officer	8a	health-care-context	Understanding health and care services	practitioner	3
clinical-safety-officer	Clinical safety officer	Senior clinical safety officer	8a	risk-management	Organisational risk management	working	2
clinical-safety-officer	Clinical safety officer	Senior clinical safety officer	8a	pcf:stakeholder-relationship-management	Stakeholder relationship management	practitioner	3
clinical-safety-officer	Clinical safety officer	Senior clinical safety officer	8a	pcf:enabling-and-informing-risk-based-decisions	Enabling and informing risk-based decisions	practitioner	3
clinical-safety-officer	Clinical safety officer	Head of clinical safety	8b	clin-professional-practice	Registered clinical practice in digital	expert	4
clinical-safety-officer	Clinical safety officer	Head of clinical safety	8b	clinical-safety	Clinical risk management	expert	4
clinical-safety-officer	Clinical safety officer	Head of clinical safety	8b	clin-human-factors	Human factors and usability in clinical systems	practitioner	3
clinical-safety-officer	Clinical safety officer	Head of clinical safety	8b	medical-device-regulation	Medical device software regulation	practitioner	3
clinical-safety-officer	Clinical safety officer	Head of clinical safety	8b	clinical-leadership-in-digital	Clinical leadership in digital	expert	4
clinical-safety-officer	Clinical safety officer	Head of clinical safety	8b	risk-management	Organisational risk management	practitioner	3
clinical-safety-officer	Clinical safety officer	Head of clinical safety	8b	people-management	People management	practitioner	3
clinical-safety-officer	Clinical safety officer	Head of clinical safety	8b	pcf:leadership-and-guidance	Leadership and guidance	practitioner	3
clinical-safety-officer	Clinical safety officer	Head of clinical safety	8b	pcf:enabling-and-informing-risk-based-decisions	Enabling and informing risk-based decisions	expert	4
communications-officer	Communications officer	Communications officer	4	corp-internal-communications	Internal communications	working	2
communications-officer	Communications officer	Communications officer	4	corp-digital-and-social-media	Digital and social media	working	2
communications-officer	Communications officer	Communications officer	4	corp-media-relations	Media relations	awareness	1
communications-officer	Communications officer	Communications officer	4	pcf:user-centred-content-design	User-centred content design	working	2
communications-officer	Communications officer	Communications officer	4	pcf:communicating-information	Communicating information	working	2
communications-officer	Communications officer	Communications officer	4	information-governance	Information governance and data protection	awareness	1
communications-officer	Communications officer	Communications officer	4	equality-diversity-inclusion	Equality, diversity, and inclusion	working	2
communications-officer	Communications officer	Senior communications officer	5	corp-communications-strategy	Communications strategy and planning	working	2
communications-officer	Communications officer	Senior communications officer	5	corp-internal-communications	Internal communications	working	2
communications-officer	Communications officer	Senior communications officer	5	corp-digital-and-social-media	Digital and social media	practitioner	3
communications-officer	Communications officer	Senior communications officer	5	corp-media-relations	Media relations	working	2
communications-officer	Communications officer	Senior communications officer	5	pcf:user-centred-content-design	User-centred content design	working	2
communications-officer	Communications officer	Senior communications officer	5	pcf:communicating-information	Communicating information	practitioner	3
communications-officer	Communications officer	Senior communications officer	5	information-governance	Information governance and data protection	working	2
communications-officer	Communications officer	Communications lead	6	corp-communications-strategy	Communications strategy and planning	practitioner	3
communications-officer	Communications officer	Communications lead	6	corp-internal-communications	Internal communications	practitioner	3
communications-officer	Communications officer	Communications lead	6	corp-digital-and-social-media	Digital and social media	practitioner	3
communications-officer	Communications officer	Communications lead	6	corp-media-relations	Media relations	practitioner	3
communications-officer	Communications officer	Communications lead	6	pcf:user-centred-content-design	User-centred content design	practitioner	3
communications-officer	Communications officer	Communications lead	6	pcf:stakeholder-relationship-management	Stakeholder relationship management	working	2
communications-officer	Communications officer	Communications lead	6	health-care-context	Understanding health and care services	working	2
communications-officer	Communications officer	Communications manager	7	corp-communications-strategy	Communications strategy and planning	practitioner	3
communications-officer	Communications officer	Communications manager	7	corp-media-relations	Media relations	practitioner	3
communications-officer	Communications officer	Communications manager	7	corp-internal-communications	Internal communications	practitioner	3
communications-officer	Communications officer	Communications manager	7	corp-digital-and-social-media	Digital and social media	practitioner	3
communications-officer	Communications officer	Communications manager	7	people-management	People management	practitioner	3
communications-officer	Communications officer	Communications manager	7	budget-management	Budget management	working	2
communications-officer	Communications officer	Communications manager	7	pcf:stakeholder-relationship-management	Stakeholder relationship management	practitioner	3
communications-officer	Communications officer	Communications manager	7	health-care-context	Understanding health and care services	working	2
communications-officer	Communications officer	Head of communications	8b	corp-communications-strategy	Communications strategy and planning	expert	4
communications-officer	Communications officer	Head of communications	8b	corp-media-relations	Media relations	expert	4
communications-officer	Communications officer	Head of communications	8b	corp-internal-communications	Internal communications	expert	4
communications-officer	Communications officer	Head of communications	8b	corp-digital-and-social-media	Digital and social media	practitioner	3
communications-officer	Communications officer	Head of communications	8b	people-management	People management	practitioner	3
communications-officer	Communications officer	Head of communications	8b	budget-management	Budget management	practitioner	3
communications-officer	Communications officer	Head of communications	8b	pcf:stakeholder-relationship-management	Stakeholder relationship management	expert	4
communications-officer	Communications officer	Head of communications	8b	pcf:leadership-and-guidance	Leadership and guidance	practitioner	3
content-designer	Content designer	Associate content designer	4	pcf:content-management-and-architecture	Content management and architecture	awareness	1
content-designer	Content designer	Associate content designer	4	pcf:design-communication	Design communication	awareness	1
content-designer	Content designer	Associate content designer	4	pcf:designing-for-everyone	Designing for everyone	awareness	1
content-designer	Content designer	Associate content designer	4	pcf:designing-strategically	Designing strategically	awareness	1
content-designer	Content designer	Associate content designer	4	pcf:designing-together	Designing together	awareness	1
content-designer	Content designer	Associate content designer	4	pcf:evidence-based-design	Evidence-based design	awareness	1
content-designer	Content designer	Associate content designer	4	pcf:iterative-design	Iterative design	awareness	1
content-designer	Content designer	Associate content designer	4	pcf:leading-design	Leading design	awareness	1
content-designer	Content designer	Associate content designer	4	health-care-context	Understanding health and care services	awareness	1
content-designer	Content designer	Associate content designer	4	pd-health-content	Health information content	awareness	1
content-designer	Content designer	Associate content designer	4	equality-diversity-inclusion	Equality, diversity, and inclusion	awareness	1
content-designer	Content designer	Junior content designer	5	pcf:content-management-and-architecture	Content management and architecture	working	2
content-designer	Content designer	Junior content designer	5	pcf:design-communication	Design communication	working	2
content-designer	Content designer	Junior content designer	5	pcf:designing-for-everyone	Designing for everyone	working	2
content-designer	Content designer	Junior content designer	5	pcf:designing-strategically	Designing strategically	awareness	1
content-designer	Content designer	Junior content designer	5	pcf:designing-together	Designing together	awareness	1
content-designer	Content designer	Junior content designer	5	pcf:evidence-based-design	Evidence-based design	working	2
content-designer	Content designer	Junior content designer	5	pcf:iterative-design	Iterative design	working	2
content-designer	Content designer	Junior content designer	5	pcf:leading-design	Leading design	awareness	1
content-designer	Content designer	Junior content designer	5	health-care-context	Understanding health and care services	awareness	1
content-designer	Content designer	Junior content designer	5	pd-health-content	Health information content	working	2
content-designer	Content designer	Junior content designer	5	equality-diversity-inclusion	Equality, diversity, and inclusion	working	2
content-designer	Content designer	Junior content designer	5	clinical-terminology	Clinical terminology and classification	awareness	1
content-designer	Content designer	Content designer	6	pcf:content-management-and-architecture	Content management and architecture	working	2
content-designer	Content designer	Content designer	6	pcf:design-communication	Design communication	working	2
content-designer	Content designer	Content designer	6	pcf:designing-for-everyone	Designing for everyone	working	2
content-designer	Content designer	Content designer	6	pcf:designing-strategically	Designing strategically	working	2
content-designer	Content designer	Content designer	6	pcf:designing-together	Designing together	working	2
content-designer	Content designer	Content designer	6	pcf:evidence-based-design	Evidence-based design	working	2
content-designer	Content designer	Content designer	6	pcf:iterative-design	Iterative design	working	2
content-designer	Content designer	Content designer	6	pcf:leading-design	Leading design	working	2
content-designer	Content designer	Content designer	6	health-care-context	Understanding health and care services	working	2
content-designer	Content designer	Content designer	6	pd-health-content	Health information content	working	2
content-designer	Content designer	Content designer	6	equality-diversity-inclusion	Equality, diversity, and inclusion	working	2
content-designer	Content designer	Content designer	6	clinical-terminology	Clinical terminology and classification	awareness	1
content-designer	Content designer	Content designer	6	pd-safety-critical-design	Designing for clinical safety and human factors	awareness	1
content-designer	Content designer	Senior content designer	7	pcf:content-management-and-architecture	Content management and architecture	practitioner	3
content-designer	Content designer	Senior content designer	7	pcf:design-communication	Design communication	practitioner	3
content-designer	Content designer	Senior content designer	7	pcf:designing-for-everyone	Designing for everyone	practitioner	3
content-designer	Content designer	Senior content designer	7	pcf:designing-strategically	Designing strategically	practitioner	3
content-designer	Content designer	Senior content designer	7	pcf:designing-together	Designing together	practitioner	3
content-designer	Content designer	Senior content designer	7	pcf:evidence-based-design	Evidence-based design	practitioner	3
content-designer	Content designer	Senior content designer	7	pcf:iterative-design	Iterative design	practitioner	3
content-designer	Content designer	Senior content designer	7	pcf:leading-design	Leading design	practitioner	3
content-designer	Content designer	Senior content designer	7	health-care-context	Understanding health and care services	practitioner	3
content-designer	Content designer	Senior content designer	7	pd-health-content	Health information content	practitioner	3
content-designer	Content designer	Senior content designer	7	equality-diversity-inclusion	Equality, diversity, and inclusion	practitioner	3
content-designer	Content designer	Senior content designer	7	clinical-terminology	Clinical terminology and classification	working	2
content-designer	Content designer	Senior content designer	7	pd-safety-critical-design	Designing for clinical safety and human factors	working	2
content-designer	Content designer	Lead content designer	8b	pcf:content-management-and-architecture	Content management and architecture	expert	4
content-designer	Content designer	Lead content designer	8b	pcf:design-communication	Design communication	expert	4
content-designer	Content designer	Lead content designer	8b	pcf:designing-for-everyone	Designing for everyone	expert	4
content-designer	Content designer	Lead content designer	8b	pcf:designing-strategically	Designing strategically	expert	4
content-designer	Content designer	Lead content designer	8b	pcf:designing-together	Designing together	expert	4
content-designer	Content designer	Lead content designer	8b	pcf:evidence-based-design	Evidence-based design	expert	4
content-designer	Content designer	Lead content designer	8b	pcf:iterative-design	Iterative design	expert	4
content-designer	Content designer	Lead content designer	8b	pcf:leading-design	Leading design	practitioner	3
content-designer	Content designer	Lead content designer	8b	health-care-context	Understanding health and care services	practitioner	3
content-designer	Content designer	Lead content designer	8b	pd-health-content	Health information content	expert	4
content-designer	Content designer	Lead content designer	8b	equality-diversity-inclusion	Equality, diversity, and inclusion	practitioner	3
content-designer	Content designer	Lead content designer	8b	clinical-terminology	Clinical terminology and classification	working	2
content-designer	Content designer	Lead content designer	8b	pd-safety-critical-design	Designing for clinical safety and human factors	working	2
content-designer	Content designer	Lead content designer	8b	people-management	People management	practitioner	3
content-designer	Content designer	Head of content design	8c	pcf:content-management-and-architecture	Content management and architecture	expert	4
content-designer	Content designer	Head of content design	8c	pcf:design-communication	Design communication	expert	4
content-designer	Content designer	Head of content design	8c	pcf:designing-for-everyone	Designing for everyone	expert	4
content-designer	Content designer	Head of content design	8c	pcf:designing-strategically	Designing strategically	expert	4
content-designer	Content designer	Head of content design	8c	pcf:designing-together	Designing together	expert	4
content-designer	Content designer	Head of content design	8c	pcf:evidence-based-design	Evidence-based design	expert	4
content-designer	Content designer	Head of content design	8c	pcf:iterative-design	Iterative design	expert	4
content-designer	Content designer	Head of content design	8c	pcf:leading-design	Leading design	expert	4
content-designer	Content designer	Head of content design	8c	health-care-context	Understanding health and care services	expert	4
content-designer	Content designer	Head of content design	8c	pd-health-content	Health information content	expert	4
content-designer	Content designer	Head of content design	8c	equality-diversity-inclusion	Equality, diversity, and inclusion	expert	4
content-designer	Content designer	Head of content design	8c	clinical-terminology	Clinical terminology and classification	working	2
content-designer	Content designer	Head of content design	8c	pd-safety-critical-design	Designing for clinical safety and human factors	working	2
content-designer	Content designer	Head of content design	8c	people-management	People management	expert	4
content-designer	Content designer	Head of content design	8c	budget-management	Budget management	working	2
contract-manager	Contract manager	Contract manager	6	proc-contract-management	Contract management	practitioner	3
contract-manager	Contract manager	Contract manager	6	proc-supplier-relationship-management	Supplier relationship management	working	2
contract-manager	Contract manager	Contract manager	6	proc-exit-planning	Exit planning and data return	working	2
contract-manager	Contract manager	Contract manager	6	proc-technology-procurement	Technology and cloud procurement	working	2
contract-manager	Contract manager	Contract manager	6	proc-procurement-law-and-policy	Public procurement rules and policy	working	2
contract-manager	Contract manager	Contract manager	6	proc-negotiation	Commercial negotiation	working	2
contract-manager	Contract manager	Contract manager	6	pcf:commercial-management	Commercial management	working	2
contract-manager	Contract manager	Contract manager	6	pcf:stakeholder-relationship-management	Stakeholder relationship management	working	2
contract-manager	Contract manager	Contract manager	6	information-governance	Information governance and data protection	working	2
contract-manager	Contract manager	Contract manager	6	risk-management	Organisational risk management	working	2
contract-manager	Contract manager	Senior contract manager	7	proc-contract-management	Contract management	practitioner	3
contract-manager	Contract manager	Senior contract manager	7	proc-supplier-relationship-management	Supplier relationship management	practitioner	3
contract-manager	Contract manager	Senior contract manager	7	proc-exit-planning	Exit planning and data return	practitioner	3
contract-manager	Contract manager	Senior contract manager	7	proc-negotiation	Commercial negotiation	practitioner	3
contract-manager	Contract manager	Senior contract manager	7	proc-technology-procurement	Technology and cloud procurement	practitioner	3
contract-manager	Contract manager	Senior contract manager	7	proc-procurement-law-and-policy	Public procurement rules and policy	practitioner	3
contract-manager	Contract manager	Senior contract manager	7	pcf:commercial-management	Commercial management	practitioner	3
contract-manager	Contract manager	Senior contract manager	7	pcf:stakeholder-relationship-management	Stakeholder relationship management	practitioner	3
contract-manager	Contract manager	Senior contract manager	7	risk-management	Organisational risk management	practitioner	3
contract-manager	Contract manager	Senior contract manager	7	health-care-context	Understanding health and care services	working	2
contract-manager	Contract manager	Lead contract manager	8a	proc-contract-management	Contract management	expert	4
contract-manager	Contract manager	Lead contract manager	8a	proc-supplier-relationship-management	Supplier relationship management	expert	4
contract-manager	Contract manager	Lead contract manager	8a	proc-exit-planning	Exit planning and data return	expert	4
contract-manager	Contract manager	Lead contract manager	8a	proc-negotiation	Commercial negotiation	practitioner	3
contract-manager	Contract manager	Lead contract manager	8a	proc-procurement-law-and-policy	Public procurement rules and policy	practitioner	3
contract-manager	Contract manager	Lead contract manager	8a	pcf:commercial-management	Commercial management	practitioner	3
contract-manager	Contract manager	Lead contract manager	8a	pcf:creating-value-for-money	Creating value for money	practitioner	3
contract-manager	Contract manager	Lead contract manager	8a	people-management	People management	practitioner	3
contract-manager	Contract manager	Lead contract manager	8a	risk-management	Organisational risk management	practitioner	3
contract-manager	Contract manager	Lead contract manager	8a	health-care-context	Understanding health and care services	working	2
cyber-security-manager	Cyber security manager	Cyber security manager	8a	pcf:cyber-security-governance	Cyber security governance	practitioner	3
cyber-security-manager	Cyber security manager	Cyber security manager	8a	pcf:cyber-risk-management	Cyber risk management	practitioner	3
cyber-security-manager	Cyber security manager	Cyber security manager	8a	pcf:cyber-incident-management	Cyber incident management	practitioner	3
cyber-security-manager	Cyber security manager	Cyber security manager	8a	pcf:changing-security-culture	Changing security culture	working	2
cyber-security-manager	Cyber security manager	Cyber security manager	8a	security-operations	Security operations	practitioner	3
cyber-security-manager	Cyber security manager	Cyber security manager	8a	vulnerability-management	Vulnerability management	practitioner	3
cyber-security-manager	Cyber security manager	Cyber security manager	8a	information-governance	Information governance and data protection	practitioner	3
cyber-security-manager	Cyber security manager	Cyber security manager	8a	risk-management	Organisational risk management	practitioner	3
cyber-security-manager	Cyber security manager	Cyber security manager	8a	health-care-context	Understanding health and care services	working	2
cyber-security-manager	Cyber security manager	Cyber security manager	8a	people-management	People management	practitioner	3
cyber-security-manager	Cyber security manager	Senior cyber security manager	8b	pcf:cyber-security-governance	Cyber security governance	practitioner	3
cyber-security-manager	Cyber security manager	Senior cyber security manager	8b	pcf:cyber-risk-management	Cyber risk management	practitioner	3
cyber-security-manager	Cyber security manager	Senior cyber security manager	8b	pcf:cyber-incident-management	Cyber incident management	practitioner	3
cyber-security-manager	Cyber security manager	Senior cyber security manager	8b	pcf:changing-security-culture	Changing security culture	practitioner	3
cyber-security-manager	Cyber security manager	Senior cyber security manager	8b	pcf:strategic-cyber-security-planning	Strategic cyber security planning	working	2
cyber-security-manager	Cyber security manager	Senior cyber security manager	8b	information-governance	Information governance and data protection	practitioner	3
cyber-security-manager	Cyber security manager	Senior cyber security manager	8b	risk-management	Organisational risk management	practitioner	3
cyber-security-manager	Cyber security manager	Senior cyber security manager	8b	health-care-context	Understanding health and care services	practitioner	3
cyber-security-manager	Cyber security manager	Senior cyber security manager	8b	people-management	People management	practitioner	3
cyber-security-manager	Cyber security manager	Senior cyber security manager	8b	budget-management	Budget management	working	2
cyber-security-manager	Cyber security manager	Head of cyber security	8c	pcf:strategic-cyber-security-planning	Strategic cyber security planning	practitioner	3
cyber-security-manager	Cyber security manager	Head of cyber security	8c	pcf:cyber-security-governance	Cyber security governance	expert	4
cyber-security-manager	Cyber security manager	Head of cyber security	8c	pcf:cyber-risk-management	Cyber risk management	expert	4
cyber-security-manager	Cyber security manager	Head of cyber security	8c	pcf:cyber-incident-management	Cyber incident management	practitioner	3
cyber-security-manager	Cyber security manager	Head of cyber security	8c	pcf:changing-security-culture	Changing security culture	practitioner	3
cyber-security-manager	Cyber security manager	Head of cyber security	8c	information-governance	Information governance and data protection	practitioner	3
cyber-security-manager	Cyber security manager	Head of cyber security	8c	risk-management	Organisational risk management	practitioner	3
cyber-security-manager	Cyber security manager	Head of cyber security	8c	health-care-context	Understanding health and care services	practitioner	3
cyber-security-manager	Cyber security manager	Head of cyber security	8c	people-management	People management	practitioner	3
cyber-security-manager	Cyber security manager	Head of cyber security	8c	budget-management	Budget management	practitioner	3
cyber-security-manager	Cyber security manager	Chief information security officer	8d	pcf:strategic-cyber-security-planning	Strategic cyber security planning	expert	4
cyber-security-manager	Cyber security manager	Chief information security officer	8d	pcf:cyber-security-governance	Cyber security governance	expert	4
cyber-security-manager	Cyber security manager	Chief information security officer	8d	pcf:cyber-risk-management	Cyber risk management	expert	4
cyber-security-manager	Cyber security manager	Chief information security officer	8d	pcf:cyber-incident-management	Cyber incident management	expert	4
cyber-security-manager	Cyber security manager	Chief information security officer	8d	pcf:changing-security-culture	Changing security culture	expert	4
cyber-security-manager	Cyber security manager	Chief information security officer	8d	information-governance	Information governance and data protection	practitioner	3
cyber-security-manager	Cyber security manager	Chief information security officer	8d	risk-management	Organisational risk management	expert	4
cyber-security-manager	Cyber security manager	Chief information security officer	8d	health-care-context	Understanding health and care services	practitioner	3
cyber-security-manager	Cyber security manager	Chief information security officer	8d	people-management	People management	expert	4
cyber-security-manager	Cyber security manager	Chief information security officer	8d	budget-management	Budget management	practitioner	3
data-analyst	Data analyst	Associate data analyst	5	pcf:applying-statistical-and-analytical-tools-and-techniques	Applying statistical and analytical tools and techniques	awareness	1
data-analyst	Data analyst	Associate data analyst	5	pcf:communicating-between-the-technical-and-non-technical	Communicating between the technical and non-technical	awareness	1
data-analyst	Data analyst	Associate data analyst	5	pcf:data-ethics-and-privacy	Data ethics and privacy	awareness	1
data-analyst	Data analyst	Associate data analyst	5	pcf:data-management	Data management	awareness	1
data-analyst	Data analyst	Associate data analyst	5	pcf:data-preparation-and-linkage	Data preparation and linkage	awareness	1
data-analyst	Data analyst	Associate data analyst	5	pcf:data-visualisation	Data visualisation	awareness	1
data-analyst	Data analyst	Associate data analyst	5	pcf:delivering-business-impact-through-data	Delivering business impact through data	awareness	1
data-analyst	Data analyst	Associate data analyst	5	pcf:developing-code-for-analysis	Developing code for analysis	awareness	1
data-analyst	Data analyst	Associate data analyst	5	pcf:managing-a-data-project	Managing a data project	awareness	1
data-analyst	Data analyst	Associate data analyst	5	health-care-context	Understanding health and care services	awareness	1
data-analyst	Data analyst	Associate data analyst	5	information-governance	Information governance and data protection	working	2
data-analyst	Data analyst	Associate data analyst	5	data-quality	Data quality management	working	2
data-analyst	Data analyst	Associate data analyst	5	data-deidentification	Pseudonymisation and disclosure control	awareness	1
data-analyst	Data analyst	Associate data analyst	5	clinical-terminology	Clinical terminology and classification	awareness	1
data-analyst	Data analyst	Data analyst	6	pcf:applying-statistical-and-analytical-tools-and-techniques	Applying statistical and analytical tools and techniques	working	2
data-analyst	Data analyst	Data analyst	6	pcf:communicating-between-the-technical-and-non-technical	Communicating between the technical and non-technical	working	2
data-analyst	Data analyst	Data analyst	6	pcf:data-ethics-and-privacy	Data ethics and privacy	working	2
data-analyst	Data analyst	Data analyst	6	pcf:data-management	Data management	working	2
data-analyst	Data analyst	Data analyst	6	pcf:data-preparation-and-linkage	Data preparation and linkage	working	2
data-analyst	Data analyst	Data analyst	6	pcf:data-visualisation	Data visualisation	working	2
data-analyst	Data analyst	Data analyst	6	pcf:delivering-business-impact-through-data	Delivering business impact through data	working	2
data-analyst	Data analyst	Data analyst	6	pcf:developing-code-for-analysis	Developing code for analysis	working	2
data-analyst	Data analyst	Data analyst	6	pcf:managing-a-data-project	Managing a data project	working	2
data-analyst	Data analyst	Data analyst	6	health-care-context	Understanding health and care services	working	2
data-analyst	Data analyst	Data analyst	6	information-governance	Information governance and data protection	working	2
data-analyst	Data analyst	Data analyst	6	data-quality	Data quality management	working	2
data-analyst	Data analyst	Data analyst	6	data-deidentification	Pseudonymisation and disclosure control	working	2
data-analyst	Data analyst	Data analyst	6	clinical-terminology	Clinical terminology and classification	working	2
data-analyst	Data analyst	Data analyst	6	equality-diversity-inclusion	Equality, diversity, and inclusion	working	2
data-analyst	Data analyst	Senior data analyst	7	pcf:applying-statistical-and-analytical-tools-and-techniques	Applying statistical and analytical tools and techniques	practitioner	3
data-analyst	Data analyst	Senior data analyst	7	pcf:communicating-between-the-technical-and-non-technical	Communicating between the technical and non-technical	practitioner	3
data-analyst	Data analyst	Senior data analyst	7	pcf:data-ethics-and-privacy	Data ethics and privacy	practitioner	3
data-analyst	Data analyst	Senior data analyst	7	pcf:data-management	Data management	practitioner	3
data-analyst	Data analyst	Senior data analyst	7	pcf:data-preparation-and-linkage	Data preparation and linkage	practitioner	3
data-analyst	Data analyst	Senior data analyst	7	pcf:data-visualisation	Data visualisation	practitioner	3
data-analyst	Data analyst	Senior data analyst	7	pcf:delivering-business-impact-through-data	Delivering business impact through data	practitioner	3
data-analyst	Data analyst	Senior data analyst	7	pcf:developing-code-for-analysis	Developing code for analysis	practitioner	3
data-analyst	Data analyst	Senior data analyst	7	pcf:managing-a-data-project	Managing a data project	practitioner	3
data-analyst	Data analyst	Senior data analyst	7	health-care-context	Understanding health and care services	practitioner	3
data-analyst	Data analyst	Senior data analyst	7	information-governance	Information governance and data protection	practitioner	3
data-analyst	Data analyst	Senior data analyst	7	data-quality	Data quality management	practitioner	3
data-analyst	Data analyst	Senior data analyst	7	data-deidentification	Pseudonymisation and disclosure control	practitioner	3
data-analyst	Data analyst	Senior data analyst	7	clinical-terminology	Clinical terminology and classification	working	2
data-analyst	Data analyst	Senior data analyst	7	equality-diversity-inclusion	Equality, diversity, and inclusion	working	2
data-analyst	Data analyst	Principal data analyst	8b	pcf:applying-statistical-and-analytical-tools-and-techniques	Applying statistical and analytical tools and techniques	expert	4
data-analyst	Data analyst	Principal data analyst	8b	pcf:communicating-between-the-technical-and-non-technical	Communicating between the technical and non-technical	expert	4
data-analyst	Data analyst	Principal data analyst	8b	pcf:data-ethics-and-privacy	Data ethics and privacy	practitioner	3
data-analyst	Data analyst	Principal data analyst	8b	pcf:data-management	Data management	expert	4
data-analyst	Data analyst	Principal data analyst	8b	pcf:data-preparation-and-linkage	Data preparation and linkage	expert	4
data-analyst	Data analyst	Principal data analyst	8b	pcf:data-visualisation	Data visualisation	expert	4
data-analyst	Data analyst	Principal data analyst	8b	pcf:delivering-business-impact-through-data	Delivering business impact through data	expert	4
data-analyst	Data analyst	Principal data analyst	8b	pcf:developing-code-for-analysis	Developing code for analysis	expert	4
data-analyst	Data analyst	Principal data analyst	8b	pcf:managing-a-data-project	Managing a data project	expert	4
data-analyst	Data analyst	Principal data analyst	8b	health-care-context	Understanding health and care services	expert	4
data-analyst	Data analyst	Principal data analyst	8b	information-governance	Information governance and data protection	practitioner	3
data-analyst	Data analyst	Principal data analyst	8b	data-quality	Data quality management	expert	4
data-analyst	Data analyst	Principal data analyst	8b	data-deidentification	Pseudonymisation and disclosure control	practitioner	3
data-analyst	Data analyst	Principal data analyst	8b	clinical-terminology	Clinical terminology and classification	practitioner	3
data-analyst	Data analyst	Principal data analyst	8b	people-management	People management	practitioner	3
data-architect	Data architect	Data architect	7	pcf:communicating-between-the-technical-and-non-technical	Communicating between the technical and non-technical	working	2
data-architect	Data architect	Data architect	7	pcf:communicating-data	Communicating data	awareness	1
data-architect	Data architect	Data architect	7	pcf:data-analysis-and-synthesis	Data analysis and synthesis	working	2
data-architect	Data architect	Data architect	7	pcf:data-governance-data-architect	Data governance (data architect)	working	2
data-architect	Data architect	Data architect	7	pcf:data-innovation	Data innovation	awareness	1
data-architect	Data architect	Data architect	7	pcf:data-modelling	Data modelling	working	2
data-architect	Data architect	Data architect	7	pcf:data-standards	Data standards	working	2
data-architect	Data architect	Data architect	7	pcf:metadata-management	Metadata management	working	2
data-architect	Data architect	Data architect	7	pcf:problem-management	Problem management	working	2
data-architect	Data architect	Data architect	7	pcf:strategic-thinking	Strategic thinking	awareness	1
data-architect	Data architect	Data architect	7	pcf:turning-business-problems-into-data-design	Turning business problems into data design	working	2
data-architect	Data architect	Data architect	7	health-care-context	Understanding health and care services	working	2
data-architect	Data architect	Data architect	7	clinical-terminology	Clinical terminology and classification	working	2
data-architect	Data architect	Data architect	7	health-data-interoperability	Health data interoperability	working	2
data-architect	Data architect	Data architect	7	information-governance	Information governance and data protection	practitioner	3
data-architect	Data architect	Data architect	7	data-quality	Data quality management	working	2
data-architect	Data architect	Senior data architect	8b	pcf:communicating-between-the-technical-and-non-technical	Communicating between the technical and non-technical	practitioner	3
data-architect	Data architect	Senior data architect	8b	pcf:communicating-data	Communicating data	working	2
data-architect	Data architect	Senior data architect	8b	pcf:data-analysis-and-synthesis	Data analysis and synthesis	working	2
data-architect	Data architect	Senior data architect	8b	pcf:data-governance-data-architect	Data governance (data architect)	practitioner	3
data-architect	Data architect	Senior data architect	8b	pcf:data-innovation	Data innovation	working	2
data-architect	Data architect	Senior data architect	8b	pcf:data-modelling	Data modelling	practitioner	3
data-architect	Data architect	Senior data architect	8b	pcf:data-standards	Data standards	practitioner	3
data-architect	Data architect	Senior data architect	8b	pcf:metadata-management	Metadata management	practitioner	3
data-architect	Data architect	Senior data architect	8b	pcf:problem-management	Problem management	practitioner	3
data-architect	Data architect	Senior data architect	8b	pcf:strategic-thinking	Strategic thinking	working	2
data-architect	Data architect	Senior data architect	8b	pcf:turning-business-problems-into-data-design	Turning business problems into data design	practitioner	3
data-architect	Data architect	Senior data architect	8b	health-care-context	Understanding health and care services	practitioner	3
data-architect	Data architect	Senior data architect	8b	clinical-terminology	Clinical terminology and classification	practitioner	3
data-architect	Data architect	Senior data architect	8b	health-data-interoperability	Health data interoperability	practitioner	3
data-architect	Data architect	Senior data architect	8b	information-governance	Information governance and data protection	practitioner	3
data-architect	Data architect	Senior data architect	8b	data-quality	Data quality management	practitioner	3
data-architect	Data architect	Senior data architect	8b	clinical-safety	Clinical risk management	working	2
data-architect	Data architect	Senior data architect	8b	people-management	People management	working	2
data-architect	Data architect	Chief data architect	8c	pcf:communicating-between-the-technical-and-non-technical	Communicating between the technical and non-technical	practitioner	3
data-architect	Data architect	Chief data architect	8c	pcf:communicating-data	Communicating data	practitioner	3
data-architect	Data architect	Chief data architect	8c	pcf:data-analysis-and-synthesis	Data analysis and synthesis	working	2
data-architect	Data architect	Chief data architect	8c	pcf:data-governance-data-architect	Data governance (data architect)	expert	4
data-architect	Data architect	Chief data architect	8c	pcf:data-innovation	Data innovation	practitioner	3
data-architect	Data architect	Chief data architect	8c	pcf:data-modelling	Data modelling	expert	4
data-architect	Data architect	Chief data architect	8c	pcf:data-standards	Data standards	expert	4
data-architect	Data architect	Chief data architect	8c	pcf:metadata-management	Metadata management	expert	4
data-architect	Data architect	Chief data architect	8c	pcf:problem-management	Problem management	expert	4
data-architect	Data architect	Chief data architect	8c	pcf:strategic-thinking	Strategic thinking	practitioner	3
data-architect	Data architect	Chief data architect	8c	pcf:turning-business-problems-into-data-design	Turning business problems into data design	expert	4
data-architect	Data architect	Chief data architect	8c	health-care-context	Understanding health and care services	expert	4
data-architect	Data architect	Chief data architect	8c	clinical-terminology	Clinical terminology and classification	practitioner	3
data-architect	Data architect	Chief data architect	8c	health-data-interoperability	Health data interoperability	expert	4
data-architect	Data architect	Chief data architect	8c	information-governance	Information governance and data protection	expert	4
data-architect	Data architect	Chief data architect	8c	data-quality	Data quality management	practitioner	3
data-architect	Data architect	Chief data architect	8c	clinical-safety	Clinical risk management	practitioner	3
data-architect	Data architect	Chief data architect	8c	people-management	People management	practitioner	3
data-engineer	Data engineer	Data engineer	6	pcf:communicating-between-the-technical-and-non-technical	Communicating between the technical and non-technical	awareness	1
data-engineer	Data engineer	Data engineer	6	pcf:data-analysis-and-synthesis	Data analysis and synthesis	working	2
data-engineer	Data engineer	Data engineer	6	pcf:data-compliance-and-security	Data compliance and security	working	2
data-engineer	Data engineer	Data engineer	6	pcf:data-development-process	Data development process	working	2
data-engineer	Data engineer	Data engineer	6	pcf:data-innovation	Data innovation	awareness	1
data-engineer	Data engineer	Data engineer	6	pcf:data-integration-design	Data integration design	working	2
data-engineer	Data engineer	Data engineer	6	pcf:data-modelling	Data modelling	working	2
data-engineer	Data engineer	Data engineer	6	pcf:metadata-management	Metadata management	working	2
data-engineer	Data engineer	Data engineer	6	pcf:problem-management	Problem management	awareness	1
data-engineer	Data engineer	Data engineer	6	pcf:programming-and-build-data-and-analytics-engineering	Programming and build (data and analytics engineering)	working	2
data-engineer	Data engineer	Data engineer	6	health-care-context	Understanding health and care services	working	2
data-engineer	Data engineer	Data engineer	6	information-governance	Information governance and data protection	working	2
data-engineer	Data engineer	Data engineer	6	health-data-interoperability	Health data interoperability	working	2
data-engineer	Data engineer	Data engineer	6	clinical-terminology	Clinical terminology and classification	awareness	1
data-engineer	Data engineer	Data engineer	6	data-deidentification	Pseudonymisation and disclosure control	working	2
data-engineer	Data engineer	Data engineer	6	clinical-safety	Clinical risk management	awareness	1
data-engineer	Data engineer	Senior data engineer	7	pcf:communicating-between-the-technical-and-non-technical	Communicating between the technical and non-technical	working	2
data-engineer	Data engineer	Senior data engineer	7	pcf:data-analysis-and-synthesis	Data analysis and synthesis	working	2
data-engineer	Data engineer	Senior data engineer	7	pcf:data-compliance-and-security	Data compliance and security	practitioner	3
data-engineer	Data engineer	Senior data engineer	7	pcf:data-development-process	Data development process	practitioner	3
data-engineer	Data engineer	Senior data engineer	7	pcf:data-innovation	Data innovation	working	2
data-engineer	Data engineer	Senior data engineer	7	pcf:data-integration-design	Data integration design	practitioner	3
data-engineer	Data engineer	Senior data engineer	7	pcf:data-modelling	Data modelling	practitioner	3
data-engineer	Data engineer	Senior data engineer	7	pcf:metadata-management	Metadata management	practitioner	3
data-engineer	Data engineer	Senior data engineer	7	pcf:problem-management	Problem management	working	2
data-engineer	Data engineer	Senior data engineer	7	pcf:programming-and-build-data-and-analytics-engineering	Programming and build (data and analytics engineering)	practitioner	3
data-engineer	Data engineer	Senior data engineer	7	health-care-context	Understanding health and care services	working	2
data-engineer	Data engineer	Senior data engineer	7	information-governance	Information governance and data protection	practitioner	3
data-engineer	Data engineer	Senior data engineer	7	health-data-interoperability	Health data interoperability	practitioner	3
data-engineer	Data engineer	Senior data engineer	7	clinical-terminology	Clinical terminology and classification	working	2
data-engineer	Data engineer	Senior data engineer	7	data-deidentification	Pseudonymisation and disclosure control	practitioner	3
data-engineer	Data engineer	Senior data engineer	7	clinical-safety	Clinical risk management	working	2
data-engineer	Data engineer	Lead data engineer	8a	pcf:communicating-between-the-technical-and-non-technical	Communicating between the technical and non-technical	practitioner	3
data-engineer	Data engineer	Lead data engineer	8a	pcf:data-analysis-and-synthesis	Data analysis and synthesis	practitioner	3
data-engineer	Data engineer	Lead data engineer	8a	pcf:data-compliance-and-security	Data compliance and security	expert	4
data-engineer	Data engineer	Lead data engineer	8a	pcf:data-development-process	Data development process	expert	4
data-engineer	Data engineer	Lead data engineer	8a	pcf:data-innovation	Data innovation	practitioner	3
data-engineer	Data engineer	Lead data engineer	8a	pcf:data-integration-design	Data integration design	expert	4
data-engineer	Data engineer	Lead data engineer	8a	pcf:data-modelling	Data modelling	expert	4
data-engineer	Data engineer	Lead data engineer	8a	pcf:metadata-management	Metadata management	practitioner	3
data-engineer	Data engineer	Lead data engineer	8a	pcf:problem-management	Problem management	practitioner	3
data-engineer	Data engineer	Lead data engineer	8a	pcf:programming-and-build-data-and-analytics-engineering	Programming and build (data and analytics engineering)	practitioner	3
data-engineer	Data engineer	Lead data engineer	8a	health-care-context	Understanding health and care services	practitioner	3
data-engineer	Data engineer	Lead data engineer	8a	information-governance	Information governance and data protection	practitioner	3
data-engineer	Data engineer	Lead data engineer	8a	health-data-interoperability	Health data interoperability	practitioner	3
data-engineer	Data engineer	Lead data engineer	8a	clinical-terminology	Clinical terminology and classification	working	2
data-engineer	Data engineer	Lead data engineer	8a	data-deidentification	Pseudonymisation and disclosure control	practitioner	3
data-engineer	Data engineer	Lead data engineer	8a	clinical-safety	Clinical risk management	working	2
data-engineer	Data engineer	Lead data engineer	8a	people-management	People management	practitioner	3
data-engineer	Data engineer	Head of data engineering	8b	pcf:communicating-between-the-technical-and-non-technical	Communicating between the technical and non-technical	expert	4
data-engineer	Data engineer	Head of data engineering	8b	pcf:data-analysis-and-synthesis	Data analysis and synthesis	practitioner	3
data-engineer	Data engineer	Head of data engineering	8b	pcf:data-compliance-and-security	Data compliance and security	expert	4
data-engineer	Data engineer	Head of data engineering	8b	pcf:data-development-process	Data development process	expert	4
data-engineer	Data engineer	Head of data engineering	8b	pcf:data-innovation	Data innovation	expert	4
data-engineer	Data engineer	Head of data engineering	8b	pcf:data-integration-design	Data integration design	expert	4
data-engineer	Data engineer	Head of data engineering	8b	pcf:data-modelling	Data modelling	working	2
data-engineer	Data engineer	Head of data engineering	8b	pcf:metadata-management	Metadata management	expert	4
data-engineer	Data engineer	Head of data engineering	8b	pcf:problem-management	Problem management	expert	4
data-engineer	Data engineer	Head of data engineering	8b	pcf:programming-and-build-data-and-analytics-engineering	Programming and build (data and analytics engineering)	expert	4
data-engineer	Data engineer	Head of data engineering	8b	health-care-context	Understanding health and care services	practitioner	3
data-engineer	Data engineer	Head of data engineering	8b	information-governance	Information governance and data protection	practitioner	3
data-engineer	Data engineer	Head of data engineering	8b	health-data-interoperability	Health data interoperability	expert	4
data-engineer	Data engineer	Head of data engineering	8b	data-deidentification	Pseudonymisation and disclosure control	practitioner	3
data-engineer	Data engineer	Head of data engineering	8b	clinical-safety	Clinical risk management	working	2
data-engineer	Data engineer	Head of data engineering	8b	people-management	People management	practitioner	3
data-engineer	Data engineer	Head of data engineering	8b	budget-management	Budget management	practitioner	3
data-governance-manager	Data governance manager	Data governance manager	7	pcf:communicating-analysis-and-insight	Communicating analysis and insight	working	2
data-governance-manager	Data governance manager	Data governance manager	7	pcf:communicating-between-the-technical-and-non-technical	Communicating between the technical and non-technical	working	2
data-governance-manager	Data governance manager	Data governance manager	7	pcf:data-ethics-and-privacy	Data ethics and privacy	working	2
data-governance-manager	Data governance manager	Data governance manager	7	pcf:data-governance	Data governance	working	2
data-governance-manager	Data governance manager	Data governance manager	7	pcf:data-innovation	Data innovation	working	2
data-governance-manager	Data governance manager	Data governance manager	7	pcf:data-life-cycle	Data life cycle	working	2
data-governance-manager	Data governance manager	Data governance manager	7	pcf:data-literacy-improvement	Data literacy improvement	working	2
data-governance-manager	Data governance manager	Data governance manager	7	pcf:data-management	Data management	working	2
data-governance-manager	Data governance manager	Data governance manager	7	pcf:data-maturity	Data maturity	working	2
data-governance-manager	Data governance manager	Data governance manager	7	pcf:data-standards	Data standards	working	2
data-governance-manager	Data governance manager	Data governance manager	7	pcf:enabling-and-informing-risk-based-decisions	Enabling and informing risk-based decisions	working	2
data-governance-manager	Data governance manager	Data governance manager	7	pcf:stakeholder-relationship-management	Stakeholder relationship management	working	2
data-governance-manager	Data governance manager	Data governance manager	7	pcf:strategic-thinking	Strategic thinking	working	2
data-governance-manager	Data governance manager	Data governance manager	7	health-care-context	Understanding health and care services	working	2
data-governance-manager	Data governance manager	Data governance manager	7	information-governance	Information governance and data protection	practitioner	3
data-governance-manager	Data governance manager	Data governance manager	7	data-quality	Data quality management	practitioner	3
data-governance-manager	Data governance manager	Data governance manager	7	clinical-terminology	Clinical terminology and classification	working	2
data-governance-manager	Data governance manager	Data governance manager	7	health-data-interoperability	Health data interoperability	awareness	1
data-governance-manager	Data governance manager	Data governance manager	7	data-deidentification	Pseudonymisation and disclosure control	working	2
data-governance-manager	Data governance manager	Lead data governance manager	8b	pcf:communicating-analysis-and-insight	Communicating analysis and insight	practitioner	3
data-governance-manager	Data governance manager	Lead data governance manager	8b	pcf:communicating-between-the-technical-and-non-technical	Communicating between the technical and non-technical	practitioner	3
data-governance-manager	Data governance manager	Lead data governance manager	8b	pcf:data-ethics-and-privacy	Data ethics and privacy	practitioner	3
data-governance-manager	Data governance manager	Lead data governance manager	8b	pcf:data-governance	Data governance	practitioner	3
data-governance-manager	Data governance manager	Lead data governance manager	8b	pcf:data-innovation	Data innovation	practitioner	3
data-governance-manager	Data governance manager	Lead data governance manager	8b	pcf:data-life-cycle	Data life cycle	practitioner	3
data-governance-manager	Data governance manager	Lead data governance manager	8b	pcf:data-literacy-improvement	Data literacy improvement	practitioner	3
data-governance-manager	Data governance manager	Lead data governance manager	8b	pcf:data-management	Data management	practitioner	3
data-governance-manager	Data governance manager	Lead data governance manager	8b	pcf:data-maturity	Data maturity	practitioner	3
data-governance-manager	Data governance manager	Lead data governance manager	8b	pcf:data-standards	Data standards	practitioner	3
data-governance-manager	Data governance manager	Lead data governance manager	8b	pcf:enabling-and-informing-risk-based-decisions	Enabling and informing risk-based decisions	practitioner	3
data-governance-manager	Data governance manager	Lead data governance manager	8b	pcf:stakeholder-relationship-management	Stakeholder relationship management	practitioner	3
data-governance-manager	Data governance manager	Lead data governance manager	8b	pcf:strategic-thinking	Strategic thinking	practitioner	3
data-governance-manager	Data governance manager	Lead data governance manager	8b	health-care-context	Understanding health and care services	practitioner	3
data-governance-manager	Data governance manager	Lead data governance manager	8b	information-governance	Information governance and data protection	practitioner	3
data-governance-manager	Data governance manager	Lead data governance manager	8b	data-quality	Data quality management	practitioner	3
data-governance-manager	Data governance manager	Lead data governance manager	8b	clinical-terminology	Clinical terminology and classification	practitioner	3
data-governance-manager	Data governance manager	Lead data governance manager	8b	health-data-interoperability	Health data interoperability	working	2
data-governance-manager	Data governance manager	Lead data governance manager	8b	data-deidentification	Pseudonymisation and disclosure control	practitioner	3
data-governance-manager	Data governance manager	Lead data governance manager	8b	risk-management	Organisational risk management	practitioner	3
data-governance-manager	Data governance manager	Lead data governance manager	8b	people-management	People management	practitioner	3
data-governance-manager	Data governance manager	Lead data governance manager	8b	budget-management	Budget management	working	2
data-governance-manager	Data governance manager	Head of data governance	8c	pcf:communicating-analysis-and-insight	Communicating analysis and insight	expert	4
data-governance-manager	Data governance manager	Head of data governance	8c	pcf:communicating-between-the-technical-and-non-technical	Communicating between the technical and non-technical	expert	4
data-governance-manager	Data governance manager	Head of data governance	8c	pcf:data-ethics-and-privacy	Data ethics and privacy	expert	4
data-governance-manager	Data governance manager	Head of data governance	8c	pcf:data-governance	Data governance	expert	4
data-governance-manager	Data governance manager	Head of data governance	8c	pcf:data-innovation	Data innovation	expert	4
data-governance-manager	Data governance manager	Head of data governance	8c	pcf:data-life-cycle	Data life cycle	expert	4
data-governance-manager	Data governance manager	Head of data governance	8c	pcf:data-literacy-improvement	Data literacy improvement	expert	4
data-governance-manager	Data governance manager	Head of data governance	8c	pcf:data-management	Data management	expert	4
data-governance-manager	Data governance manager	Head of data governance	8c	pcf:data-maturity	Data maturity	expert	4
data-governance-manager	Data governance manager	Head of data governance	8c	pcf:data-standards	Data standards	expert	4
data-governance-manager	Data governance manager	Head of data governance	8c	pcf:enabling-and-informing-risk-based-decisions	Enabling and informing risk-based decisions	expert	4
data-governance-manager	Data governance manager	Head of data governance	8c	pcf:stakeholder-relationship-management	Stakeholder relationship management	expert	4
data-governance-manager	Data governance manager	Head of data governance	8c	pcf:strategic-thinking	Strategic thinking	expert	4
data-governance-manager	Data governance manager	Head of data governance	8c	health-care-context	Understanding health and care services	expert	4
data-governance-manager	Data governance manager	Head of data governance	8c	information-governance	Information governance and data protection	expert	4
data-governance-manager	Data governance manager	Head of data governance	8c	data-quality	Data quality management	expert	4
data-governance-manager	Data governance manager	Head of data governance	8c	clinical-terminology	Clinical terminology and classification	practitioner	3
data-governance-manager	Data governance manager	Head of data governance	8c	data-deidentification	Pseudonymisation and disclosure control	expert	4
data-governance-manager	Data governance manager	Head of data governance	8c	risk-management	Organisational risk management	expert	4
data-governance-manager	Data governance manager	Head of data governance	8c	people-management	People management	practitioner	3
data-governance-manager	Data governance manager	Head of data governance	8c	budget-management	Budget management	working	2
data-protection-officer	Data protection officer	Deputy data protection officer	8a	information-governance	Information governance and data protection	expert	4
data-protection-officer	Data protection officer	Deputy data protection officer	8a	ig-data-protection-impact-assessment	Data protection impact assessment	practitioner	3
data-protection-officer	Data protection officer	Deputy data protection officer	8a	ig-incident-management	Information governance incident management	practitioner	3
data-protection-officer	Data protection officer	Deputy data protection officer	8a	ig-information-rights-requests	Information rights requests	practitioner	3
data-protection-officer	Data protection officer	Deputy data protection officer	8a	ig-compliance-assurance	Information governance assurance and audit	practitioner	3
data-protection-officer	Data protection officer	Deputy data protection officer	8a	ig-confidentiality-and-sharing	Confidentiality and information sharing	practitioner	3
data-protection-officer	Data protection officer	Deputy data protection officer	8a	pcf:data-ethics-and-privacy	Data ethics and privacy	practitioner	3
data-protection-officer	Data protection officer	Deputy data protection officer	8a	pcf:communicating-information	Communicating information	practitioner	3
data-protection-officer	Data protection officer	Data protection officer	8b	information-governance	Information governance and data protection	expert	4
data-protection-officer	Data protection officer	Data protection officer	8b	ig-data-protection-impact-assessment	Data protection impact assessment	expert	4
data-protection-officer	Data protection officer	Data protection officer	8b	ig-incident-management	Information governance incident management	expert	4
data-protection-officer	Data protection officer	Data protection officer	8b	ig-compliance-assurance	Information governance assurance and audit	expert	4
data-protection-officer	Data protection officer	Data protection officer	8b	ig-confidentiality-and-sharing	Confidentiality and information sharing	practitioner	3
data-protection-officer	Data protection officer	Data protection officer	8b	governance-and-compliance	Corporate governance and compliance	practitioner	3
data-protection-officer	Data protection officer	Data protection officer	8b	pcf:data-ethics-and-privacy	Data ethics and privacy	expert	4
data-protection-officer	Data protection officer	Data protection officer	8b	pcf:stakeholder-relationship-management	Stakeholder relationship management	practitioner	3
data-protection-officer	Data protection officer	Senior data protection officer	8c	information-governance	Information governance and data protection	expert	4
data-protection-officer	Data protection officer	Senior data protection officer	8c	ig-data-protection-impact-assessment	Data protection impact assessment	expert	4
data-protection-officer	Data protection officer	Senior data protection officer	8c	ig-compliance-assurance	Information governance assurance and audit	expert	4
data-protection-officer	Data protection officer	Senior data protection officer	8c	ig-confidentiality-and-sharing	Confidentiality and information sharing	expert	4
data-protection-officer	Data protection officer	Senior data protection officer	8c	governance-and-compliance	Corporate governance and compliance	practitioner	3
data-protection-officer	Data protection officer	Senior data protection officer	8c	risk-management	Organisational risk management	practitioner	3
data-protection-officer	Data protection officer	Senior data protection officer	8c	people-management	People management	practitioner	3
data-protection-officer	Data protection officer	Senior data protection officer	8c	pcf:data-ethics-and-privacy	Data ethics and privacy	expert	4
data-protection-officer	Data protection officer	Senior data protection officer	8c	pcf:leadership-and-guidance	Leadership and guidance	practitioner	3
data-scientist	Data scientist	Trainee data scientist	4	pcf:applied-maths-statistics-and-scientific-practices	Applied maths, statistics and scientific practices	awareness	1
data-scientist	Data scientist	Trainee data scientist	4	pcf:data-engineering	Data engineering	awareness	1
data-scientist	Data scientist	Trainee data scientist	4	pcf:data-ethics-and-privacy	Data ethics and privacy	awareness	1
data-scientist	Data scientist	Trainee data scientist	4	pcf:data-science-innovation	Data science innovation	awareness	1
data-scientist	Data scientist	Trainee data scientist	4	pcf:delivering-business-impact	Delivering business impact	awareness	1
data-scientist	Data scientist	Trainee data scientist	4	pcf:developing-data-science-capability	Developing data science capability	awareness	1
data-scientist	Data scientist	Trainee data scientist	4	pcf:programming-and-build-data-science	Programming and build (data science)	awareness	1
data-scientist	Data scientist	Trainee data scientist	4	pcf:understanding-product-delivery	Understanding product delivery	awareness	1
data-scientist	Data scientist	Trainee data scientist	4	health-care-context	Understanding health and care services	awareness	1
data-scientist	Data scientist	Trainee data scientist	4	information-governance	Information governance and data protection	awareness	1
data-scientist	Data scientist	Trainee data scientist	4	data-deidentification	Pseudonymisation and disclosure control	awareness	1
data-scientist	Data scientist	Trainee data scientist	4	data-ai-assurance	Safe and fair AI in health care	awareness	1
data-scientist	Data scientist	Associate data scientist	5	pcf:applied-maths-statistics-and-scientific-practices	Applied maths, statistics and scientific practices	working	2
data-scientist	Data scientist	Associate data scientist	5	pcf:data-engineering	Data engineering	working	2
data-scientist	Data scientist	Associate data scientist	5	pcf:data-ethics-and-privacy	Data ethics and privacy	working	2
data-scientist	Data scientist	Associate data scientist	5	pcf:data-science-innovation	Data science innovation	working	2
data-scientist	Data scientist	Associate data scientist	5	pcf:delivering-business-impact	Delivering business impact	working	2
data-scientist	Data scientist	Associate data scientist	5	pcf:developing-data-science-capability	Developing data science capability	working	2
data-scientist	Data scientist	Associate data scientist	5	pcf:programming-and-build-data-science	Programming and build (data science)	working	2
data-scientist	Data scientist	Associate data scientist	5	pcf:understanding-product-delivery	Understanding product delivery	working	2
data-scientist	Data scientist	Associate data scientist	5	health-care-context	Understanding health and care services	awareness	1
data-scientist	Data scientist	Associate data scientist	5	information-governance	Information governance and data protection	working	2
data-scientist	Data scientist	Associate data scientist	5	data-deidentification	Pseudonymisation and disclosure control	working	2
data-scientist	Data scientist	Associate data scientist	5	data-ai-assurance	Safe and fair AI in health care	awareness	1
data-scientist	Data scientist	Associate data scientist	5	clinical-terminology	Clinical terminology and classification	awareness	1
data-scientist	Data scientist	Data scientist	6	pcf:applied-maths-statistics-and-scientific-practices	Applied maths, statistics and scientific practices	practitioner	3
data-scientist	Data scientist	Data scientist	6	pcf:data-engineering	Data engineering	practitioner	3
data-scientist	Data scientist	Data scientist	6	pcf:data-ethics-and-privacy	Data ethics and privacy	practitioner	3
data-scientist	Data scientist	Data scientist	6	pcf:data-science-innovation	Data science innovation	practitioner	3
data-scientist	Data scientist	Data scientist	6	pcf:delivering-business-impact	Delivering business impact	working	2
data-scientist	Data scientist	Data scientist	6	pcf:developing-data-science-capability	Developing data science capability	practitioner	3
data-scientist	Data scientist	Data scientist	6	pcf:programming-and-build-data-science	Programming and build (data science)	practitioner	3
data-scientist	Data scientist	Data scientist	6	pcf:understanding-product-delivery	Understanding product delivery	practitioner	3
data-scientist	Data scientist	Data scientist	6	health-care-context	Understanding health and care services	working	2
data-scientist	Data scientist	Data scientist	6	information-governance	Information governance and data protection	working	2
data-scientist	Data scientist	Data scientist	6	data-deidentification	Pseudonymisation and disclosure control	working	2
data-scientist	Data scientist	Data scientist	6	data-ai-assurance	Safe and fair AI in health care	working	2
data-scientist	Data scientist	Data scientist	6	clinical-safety	Clinical risk management	awareness	1
data-scientist	Data scientist	Data scientist	6	clinical-terminology	Clinical terminology and classification	working	2
data-scientist	Data scientist	Data scientist	6	medical-device-regulation	Medical device software regulation	awareness	1
data-scientist	Data scientist	Principal data scientist	7	pcf:applied-maths-statistics-and-scientific-practices	Applied maths, statistics and scientific practices	expert	4
data-scientist	Data scientist	Principal data scientist	7	pcf:data-engineering	Data engineering	expert	4
data-scientist	Data scientist	Principal data scientist	7	pcf:data-ethics-and-privacy	Data ethics and privacy	practitioner	3
data-scientist	Data scientist	Principal data scientist	7	pcf:data-science-innovation	Data science innovation	expert	4
data-scientist	Data scientist	Principal data scientist	7	pcf:delivering-business-impact	Delivering business impact	practitioner	3
data-scientist	Data scientist	Principal data scientist	7	pcf:developing-data-science-capability	Developing data science capability	practitioner	3
data-scientist	Data scientist	Principal data scientist	7	pcf:programming-and-build-data-science	Programming and build (data science)	expert	4
data-scientist	Data scientist	Principal data scientist	7	pcf:understanding-product-delivery	Understanding product delivery	practitioner	3
data-scientist	Data scientist	Principal data scientist	7	health-care-context	Understanding health and care services	practitioner	3
data-scientist	Data scientist	Principal data scientist	7	information-governance	Information governance and data protection	practitioner	3
data-scientist	Data scientist	Principal data scientist	7	data-deidentification	Pseudonymisation and disclosure control	practitioner	3
data-scientist	Data scientist	Principal data scientist	7	data-ai-assurance	Safe and fair AI in health care	practitioner	3
data-scientist	Data scientist	Principal data scientist	7	clinical-safety	Clinical risk management	working	2
data-scientist	Data scientist	Principal data scientist	7	medical-device-regulation	Medical device software regulation	working	2
data-scientist	Data scientist	Principal data scientist	7	people-management	People management	working	2
data-scientist	Data scientist	Lead data scientist	8a	pcf:applied-maths-statistics-and-scientific-practices	Applied maths, statistics and scientific practices	expert	4
data-scientist	Data scientist	Lead data scientist	8a	pcf:data-engineering	Data engineering	expert	4
data-scientist	Data scientist	Lead data scientist	8a	pcf:data-ethics-and-privacy	Data ethics and privacy	expert	4
data-scientist	Data scientist	Lead data scientist	8a	pcf:data-science-innovation	Data science innovation	expert	4
data-scientist	Data scientist	Lead data scientist	8a	pcf:delivering-business-impact	Delivering business impact	expert	4
data-scientist	Data scientist	Lead data scientist	8a	pcf:developing-data-science-capability	Developing data science capability	expert	4
data-scientist	Data scientist	Lead data scientist	8a	pcf:programming-and-build-data-science	Programming and build (data science)	expert	4
data-scientist	Data scientist	Lead data scientist	8a	pcf:understanding-product-delivery	Understanding product delivery	expert	4
data-scientist	Data scientist	Lead data scientist	8a	health-care-context	Understanding health and care services	practitioner	3
data-scientist	Data scientist	Lead data scientist	8a	information-governance	Information governance and data protection	practitioner	3
data-scientist	Data scientist	Lead data scientist	8a	data-deidentification	Pseudonymisation and disclosure control	practitioner	3
data-scientist	Data scientist	Lead data scientist	8a	data-ai-assurance	Safe and fair AI in health care	practitioner	3
data-scientist	Data scientist	Lead data scientist	8a	clinical-safety	Clinical risk management	working	2
data-scientist	Data scientist	Lead data scientist	8a	medical-device-regulation	Medical device software regulation	working	2
data-scientist	Data scientist	Lead data scientist	8a	people-management	People management	practitioner	3
data-scientist	Data scientist	Head of data science	8b	pcf:applied-maths-statistics-and-scientific-practices	Applied maths, statistics and scientific practices	expert	4
data-scientist	Data scientist	Head of data science	8b	pcf:data-engineering	Data engineering	practitioner	3
data-scientist	Data scientist	Head of data science	8b	pcf:data-ethics-and-privacy	Data ethics and privacy	expert	4
data-scientist	Data scientist	Head of data science	8b	pcf:data-science-innovation	Data science innovation	practitioner	3
data-scientist	Data scientist	Head of data science	8b	pcf:delivering-business-impact	Delivering business impact	expert	4
data-scientist	Data scientist	Head of data science	8b	pcf:developing-data-science-capability	Developing data science capability	expert	4
data-scientist	Data scientist	Head of data science	8b	pcf:programming-and-build-data-science	Programming and build (data science)	working	2
data-scientist	Data scientist	Head of data science	8b	pcf:understanding-product-delivery	Understanding product delivery	practitioner	3
data-scientist	Data scientist	Head of data science	8b	health-care-context	Understanding health and care services	expert	4
data-scientist	Data scientist	Head of data science	8b	information-governance	Information governance and data protection	practitioner	3
data-scientist	Data scientist	Head of data science	8b	data-ai-assurance	Safe and fair AI in health care	expert	4
data-scientist	Data scientist	Head of data science	8b	clinical-safety	Clinical risk management	practitioner	3
data-scientist	Data scientist	Head of data science	8b	medical-device-regulation	Medical device software regulation	practitioner	3
data-scientist	Data scientist	Head of data science	8b	people-management	People management	practitioner	3
data-scientist	Data scientist	Head of data science	8b	budget-management	Budget management	practitioner	3
delivery-manager	Delivery manager	Associate delivery manager	5	pcf:agile-and-lean-practices	Agile and Lean practices	working	2
delivery-manager	Delivery manager	Associate delivery manager	5	pcf:commercial-management	Commercial management	working	2
delivery-manager	Delivery manager	Associate delivery manager	5	pcf:communicating-between-the-technical-and-non-technical	Communicating between the technical and non-technical	working	2
delivery-manager	Delivery manager	Associate delivery manager	5	pcf:financial-management	Financial management	awareness	1
delivery-manager	Delivery manager	Associate delivery manager	5	pcf:life-cycle-management	Life cycle management	awareness	1
delivery-manager	Delivery manager	Associate delivery manager	5	pcf:maintaining-delivery-momentum	Maintaining delivery momentum	working	2
delivery-manager	Delivery manager	Associate delivery manager	5	pcf:making-a-process-work	Making a process work	working	2
delivery-manager	Delivery manager	Associate delivery manager	5	pcf:planning	Planning	awareness	1
delivery-manager	Delivery manager	Associate delivery manager	5	pcf:team-dynamics-and-collaboration	Team dynamics and collaboration	awareness	1
delivery-manager	Delivery manager	Associate delivery manager	5	health-care-context	Understanding health and care services	awareness	1
delivery-manager	Delivery manager	Associate delivery manager	5	clinical-safety	Clinical risk management	awareness	1
delivery-manager	Delivery manager	Associate delivery manager	5	information-governance	Information governance and data protection	awareness	1
delivery-manager	Delivery manager	Delivery manager	7	pcf:agile-and-lean-practices	Agile and Lean practices	practitioner	3
delivery-manager	Delivery manager	Delivery manager	7	pcf:commercial-management	Commercial management	working	2
delivery-manager	Delivery manager	Delivery manager	7	pcf:communicating-between-the-technical-and-non-technical	Communicating between the technical and non-technical	practitioner	3
delivery-manager	Delivery manager	Delivery manager	7	pcf:financial-management	Financial management	working	2
delivery-manager	Delivery manager	Delivery manager	7	pcf:life-cycle-management	Life cycle management	working	2
delivery-manager	Delivery manager	Delivery manager	7	pcf:maintaining-delivery-momentum	Maintaining delivery momentum	practitioner	3
delivery-manager	Delivery manager	Delivery manager	7	pcf:making-a-process-work	Making a process work	expert	4
delivery-manager	Delivery manager	Delivery manager	7	pcf:planning	Planning	practitioner	3
delivery-manager	Delivery manager	Delivery manager	7	pcf:team-dynamics-and-collaboration	Team dynamics and collaboration	working	2
delivery-manager	Delivery manager	Delivery manager	7	health-care-context	Understanding health and care services	working	2
delivery-manager	Delivery manager	Delivery manager	7	clinical-safety	Clinical risk management	working	2
delivery-manager	Delivery manager	Delivery manager	7	information-governance	Information governance and data protection	working	2
delivery-manager	Delivery manager	Delivery manager	7	risk-management	Organisational risk management	working	2
delivery-manager	Delivery manager	Senior delivery manager	8a	pcf:agile-and-lean-practices	Agile and Lean practices	expert	4
delivery-manager	Delivery manager	Senior delivery manager	8a	pcf:commercial-management	Commercial management	practitioner	3
delivery-manager	Delivery manager	Senior delivery manager	8a	pcf:communicating-between-the-technical-and-non-technical	Communicating between the technical and non-technical	expert	4
delivery-manager	Delivery manager	Senior delivery manager	8a	pcf:financial-management	Financial management	practitioner	3
delivery-manager	Delivery manager	Senior delivery manager	8a	pcf:life-cycle-management	Life cycle management	practitioner	3
delivery-manager	Delivery manager	Senior delivery manager	8a	pcf:maintaining-delivery-momentum	Maintaining delivery momentum	expert	4
delivery-manager	Delivery manager	Senior delivery manager	8a	pcf:making-a-process-work	Making a process work	expert	4
delivery-manager	Delivery manager	Senior delivery manager	8a	pcf:planning	Planning	expert	4
delivery-manager	Delivery manager	Senior delivery manager	8a	pcf:team-dynamics-and-collaboration	Team dynamics and collaboration	practitioner	3
delivery-manager	Delivery manager	Senior delivery manager	8a	health-care-context	Understanding health and care services	practitioner	3
delivery-manager	Delivery manager	Senior delivery manager	8a	clinical-safety	Clinical risk management	working	2
delivery-manager	Delivery manager	Senior delivery manager	8a	information-governance	Information governance and data protection	working	2
delivery-manager	Delivery manager	Senior delivery manager	8a	risk-management	Organisational risk management	practitioner	3
delivery-manager	Delivery manager	Senior delivery manager	8a	budget-management	Budget management	working	2
delivery-manager	Delivery manager	Senior delivery manager	8a	people-management	People management	practitioner	3
delivery-manager	Delivery manager	Head of delivery management	8c	pcf:agile-and-lean-practices	Agile and Lean practices	expert	4
delivery-manager	Delivery manager	Head of delivery management	8c	pcf:commercial-management	Commercial management	expert	4
delivery-manager	Delivery manager	Head of delivery management	8c	pcf:communicating-between-the-technical-and-non-technical	Communicating between the technical and non-technical	expert	4
delivery-manager	Delivery manager	Head of delivery management	8c	pcf:financial-management	Financial management	practitioner	3
delivery-manager	Delivery manager	Head of delivery management	8c	pcf:life-cycle-management	Life cycle management	expert	4
delivery-manager	Delivery manager	Head of delivery management	8c	pcf:maintaining-delivery-momentum	Maintaining delivery momentum	expert	4
delivery-manager	Delivery manager	Head of delivery management	8c	pcf:making-a-process-work	Making a process work	expert	4
delivery-manager	Delivery manager	Head of delivery management	8c	pcf:planning	Planning	expert	4
delivery-manager	Delivery manager	Head of delivery management	8c	pcf:team-dynamics-and-collaboration	Team dynamics and collaboration	expert	4
delivery-manager	Delivery manager	Head of delivery management	8c	health-care-context	Understanding health and care services	practitioner	3
delivery-manager	Delivery manager	Head of delivery management	8c	clinical-safety	Clinical risk management	practitioner	3
delivery-manager	Delivery manager	Head of delivery management	8c	information-governance	Information governance and data protection	practitioner	3
delivery-manager	Delivery manager	Head of delivery management	8c	risk-management	Organisational risk management	practitioner	3
delivery-manager	Delivery manager	Head of delivery management	8c	budget-management	Budget management	practitioner	3
delivery-manager	Delivery manager	Head of delivery management	8c	people-management	People management	expert	4
devops-engineer	DevOps engineer	Apprentice DevOps engineer	4	pcf:availability-and-capacity-management	Availability and capacity management	awareness	1
devops-engineer	DevOps engineer	Apprentice DevOps engineer	4	pcf:information-security	Information security	awareness	1
devops-engineer	DevOps engineer	Apprentice DevOps engineer	4	pcf:modern-development-standards	Modern development standards	awareness	1
devops-engineer	DevOps engineer	Apprentice DevOps engineer	4	pcf:programming-and-build-software-engineering	Programming and build (software engineering)	awareness	1
devops-engineer	DevOps engineer	Apprentice DevOps engineer	4	pcf:prototyping	Prototyping	awareness	1
devops-engineer	DevOps engineer	Apprentice DevOps engineer	4	pcf:service-support	Service support	awareness	1
devops-engineer	DevOps engineer	Apprentice DevOps engineer	4	health-care-context	Understanding health and care services	awareness	1
devops-engineer	DevOps engineer	Apprentice DevOps engineer	4	clinical-safety	Clinical risk management	awareness	1
devops-engineer	DevOps engineer	Apprentice DevOps engineer	4	information-governance	Information governance and data protection	awareness	1
devops-engineer	DevOps engineer	Junior DevOps engineer	5	pcf:availability-and-capacity-management	Availability and capacity management	awareness	1
devops-engineer	DevOps engineer	Junior DevOps engineer	5	pcf:information-security	Information security	working	2
devops-engineer	DevOps engineer	Junior DevOps engineer	5	pcf:modern-development-standards	Modern development standards	working	2
devops-engineer	DevOps engineer	Junior DevOps engineer	5	pcf:programming-and-build-software-engineering	Programming and build (software engineering)	working	2
devops-engineer	DevOps engineer	Junior DevOps engineer	5	pcf:prototyping	Prototyping	working	2
devops-engineer	DevOps engineer	Junior DevOps engineer	5	pcf:service-support	Service support	working	2
devops-engineer	DevOps engineer	Junior DevOps engineer	5	pcf:systems-design	Systems design	awareness	1
devops-engineer	DevOps engineer	Junior DevOps engineer	5	pcf:systems-integration	Systems integration	awareness	1
devops-engineer	DevOps engineer	Junior DevOps engineer	5	pcf:user-focus	User focus	awareness	1
devops-engineer	DevOps engineer	Junior DevOps engineer	5	health-care-context	Understanding health and care services	awareness	1
devops-engineer	DevOps engineer	Junior DevOps engineer	5	clinical-safety	Clinical risk management	awareness	1
devops-engineer	DevOps engineer	Junior DevOps engineer	5	information-governance	Information governance and data protection	working	2
devops-engineer	DevOps engineer	Junior DevOps engineer	5	vulnerability-management	Vulnerability management	awareness	1
devops-engineer	DevOps engineer	DevOps engineer	6	pcf:availability-and-capacity-management	Availability and capacity management	working	2
devops-engineer	DevOps engineer	DevOps engineer	6	pcf:development-process-optimisation	Development process optimisation	awareness	1
devops-engineer	DevOps engineer	DevOps engineer	6	pcf:information-security	Information security	practitioner	3
devops-engineer	DevOps engineer	DevOps engineer	6	pcf:modern-development-standards	Modern development standards	working	2
devops-engineer	DevOps engineer	DevOps engineer	6	pcf:programming-and-build-software-engineering	Programming and build (software engineering)	practitioner	3
devops-engineer	DevOps engineer	DevOps engineer	6	pcf:prototyping	Prototyping	practitioner	3
devops-engineer	DevOps engineer	DevOps engineer	6	pcf:service-support	Service support	practitioner	3
devops-engineer	DevOps engineer	DevOps engineer	6	pcf:systems-design	Systems design	working	2
devops-engineer	DevOps engineer	DevOps engineer	6	pcf:systems-integration	Systems integration	working	2
devops-engineer	DevOps engineer	DevOps engineer	6	pcf:user-focus	User focus	working	2
devops-engineer	DevOps engineer	DevOps engineer	6	health-care-context	Understanding health and care services	working	2
devops-engineer	DevOps engineer	DevOps engineer	6	clinical-safety	Clinical risk management	working	2
devops-engineer	DevOps engineer	DevOps engineer	6	information-governance	Information governance and data protection	working	2
devops-engineer	DevOps engineer	DevOps engineer	6	vulnerability-management	Vulnerability management	working	2
devops-engineer	DevOps engineer	DevOps engineer	6	identity-and-access-management	Identity and access management	working	2
devops-engineer	DevOps engineer	Senior DevOps engineer	7	pcf:availability-and-capacity-management	Availability and capacity management	working	2
devops-engineer	DevOps engineer	Senior DevOps engineer	7	pcf:development-process-optimisation	Development process optimisation	working	2
devops-engineer	DevOps engineer	Senior DevOps engineer	7	pcf:information-security	Information security	practitioner	3
devops-engineer	DevOps engineer	Senior DevOps engineer	7	pcf:modern-development-standards	Modern development standards	practitioner	3
devops-engineer	DevOps engineer	Senior DevOps engineer	7	pcf:programming-and-build-software-engineering	Programming and build (software engineering)	practitioner	3
devops-engineer	DevOps engineer	Senior DevOps engineer	7	pcf:prototyping	Prototyping	practitioner	3
devops-engineer	DevOps engineer	Senior DevOps engineer	7	pcf:service-support	Service support	expert	4
devops-engineer	DevOps engineer	Senior DevOps engineer	7	pcf:systems-design	Systems design	practitioner	3
devops-engineer	DevOps engineer	Senior DevOps engineer	7	pcf:systems-integration	Systems integration	practitioner	3
devops-engineer	DevOps engineer	Senior DevOps engineer	7	pcf:user-focus	User focus	practitioner	3
devops-engineer	DevOps engineer	Senior DevOps engineer	7	health-care-context	Understanding health and care services	working	2
devops-engineer	DevOps engineer	Senior DevOps engineer	7	clinical-safety	Clinical risk management	working	2
devops-engineer	DevOps engineer	Senior DevOps engineer	7	information-governance	Information governance and data protection	practitioner	3
devops-engineer	DevOps engineer	Senior DevOps engineer	7	vulnerability-management	Vulnerability management	practitioner	3
devops-engineer	DevOps engineer	Senior DevOps engineer	7	identity-and-access-management	Identity and access management	working	2
devops-engineer	DevOps engineer	Senior DevOps engineer	7	security-operations	Security operations	working	2
devops-engineer	DevOps engineer	Lead DevOps engineer	8b	pcf:availability-and-capacity-management	Availability and capacity management	working	2
devops-engineer	DevOps engineer	Lead DevOps engineer	8b	pcf:development-process-optimisation	Development process optimisation	working	2
devops-engineer	DevOps engineer	Lead DevOps engineer	8b	pcf:information-security	Information security	practitioner	3
devops-engineer	DevOps engineer	Lead DevOps engineer	8b	pcf:modern-development-standards	Modern development standards	expert	4
devops-engineer	DevOps engineer	Lead DevOps engineer	8b	pcf:programming-and-build-software-engineering	Programming and build (software engineering)	practitioner	3
devops-engineer	DevOps engineer	Lead DevOps engineer	8b	pcf:prototyping	Prototyping	practitioner	3
devops-engineer	DevOps engineer	Lead DevOps engineer	8b	pcf:service-support	Service support	expert	4
devops-engineer	DevOps engineer	Lead DevOps engineer	8b	pcf:systems-design	Systems design	practitioner	3
devops-engineer	DevOps engineer	Lead DevOps engineer	8b	pcf:systems-integration	Systems integration	expert	4
devops-engineer	DevOps engineer	Lead DevOps engineer	8b	pcf:user-focus	User focus	practitioner	3
devops-engineer	DevOps engineer	Lead DevOps engineer	8b	health-care-context	Understanding health and care services	practitioner	3
devops-engineer	DevOps engineer	Lead DevOps engineer	8b	clinical-safety	Clinical risk management	working	2
devops-engineer	DevOps engineer	Lead DevOps engineer	8b	information-governance	Information governance and data protection	practitioner	3
devops-engineer	DevOps engineer	Lead DevOps engineer	8b	vulnerability-management	Vulnerability management	practitioner	3
devops-engineer	DevOps engineer	Lead DevOps engineer	8b	security-operations	Security operations	working	2
devops-engineer	DevOps engineer	Lead DevOps engineer	8b	people-management	People management	practitioner	3
devops-engineer	DevOps engineer	Lead DevOps engineer	8b	budget-management	Budget management	working	2
devops-engineer	DevOps engineer	Principal DevOps engineer	8c	pcf:availability-and-capacity-management	Availability and capacity management	practitioner	3
devops-engineer	DevOps engineer	Principal DevOps engineer	8c	pcf:development-process-optimisation	Development process optimisation	practitioner	3
devops-engineer	DevOps engineer	Principal DevOps engineer	8c	pcf:information-security	Information security	expert	4
devops-engineer	DevOps engineer	Principal DevOps engineer	8c	pcf:modern-development-standards	Modern development standards	expert	4
devops-engineer	DevOps engineer	Principal DevOps engineer	8c	pcf:programming-and-build-software-engineering	Programming and build (software engineering)	practitioner	3
devops-engineer	DevOps engineer	Principal DevOps engineer	8c	pcf:prototyping	Prototyping	expert	4
devops-engineer	DevOps engineer	Principal DevOps engineer	8c	pcf:service-support	Service support	expert	4
devops-engineer	DevOps engineer	Principal DevOps engineer	8c	pcf:systems-design	Systems design	practitioner	3
devops-engineer	DevOps engineer	Principal DevOps engineer	8c	pcf:systems-integration	Systems integration	expert	4
devops-engineer	DevOps engineer	Principal DevOps engineer	8c	pcf:user-focus	User focus	practitioner	3
devops-engineer	DevOps engineer	Principal DevOps engineer	8c	health-care-context	Understanding health and care services	practitioner	3
devops-engineer	DevOps engineer	Principal DevOps engineer	8c	clinical-safety	Clinical risk management	practitioner	3
devops-engineer	DevOps engineer	Principal DevOps engineer	8c	information-governance	Information governance and data protection	practitioner	3
devops-engineer	DevOps engineer	Principal DevOps engineer	8c	vulnerability-management	Vulnerability management	expert	4
devops-engineer	DevOps engineer	Principal DevOps engineer	8c	security-operations	Security operations	practitioner	3
devops-engineer	DevOps engineer	Principal DevOps engineer	8c	risk-management	Organisational risk management	practitioner	3
devops-engineer	DevOps engineer	Principal DevOps engineer	8c	people-management	People management	expert	4
devops-engineer	DevOps engineer	Principal DevOps engineer	8c	budget-management	Budget management	practitioner	3
digital-portfolio-manager	Digital portfolio manager	Digital portfolio analyst	5	pcf:agile-working	Agile working	awareness	1
digital-portfolio-manager	Digital portfolio manager	Digital portfolio analyst	5	pcf:communicating-analysis-and-insight	Communicating analysis and insight	working	2
digital-portfolio-manager	Digital portfolio manager	Digital portfolio analyst	5	pcf:governance-and-assurance	Governance and assurance	awareness	1
digital-portfolio-manager	Digital portfolio manager	Digital portfolio analyst	5	pcf:planning	Planning	awareness	1
digital-portfolio-manager	Digital portfolio manager	Digital portfolio analyst	5	pcf:stakeholder-relationship-management	Stakeholder relationship management	working	2
digital-portfolio-manager	Digital portfolio manager	Digital portfolio analyst	5	pcf:strategic-thinking	Strategic thinking	awareness	1
digital-portfolio-manager	Digital portfolio manager	Digital portfolio analyst	5	health-care-context	Understanding health and care services	awareness	1
digital-portfolio-manager	Digital portfolio manager	Digital portfolio analyst	5	clinical-safety	Clinical risk management	awareness	1
digital-portfolio-manager	Digital portfolio manager	Digital portfolio analyst	5	information-governance	Information governance and data protection	awareness	1
digital-portfolio-manager	Digital portfolio manager	Digital portfolio analyst	5	project-management	Project management	awareness	1
digital-portfolio-manager	Digital portfolio manager	Digital portfolio manager	6	pcf:agile-working	Agile working	awareness	1
digital-portfolio-manager	Digital portfolio manager	Digital portfolio manager	6	pcf:communicating-analysis-and-insight	Communicating analysis and insight	working	2
digital-portfolio-manager	Digital portfolio manager	Digital portfolio manager	6	pcf:governance-and-assurance	Governance and assurance	working	2
digital-portfolio-manager	Digital portfolio manager	Digital portfolio manager	6	pcf:planning	Planning	awareness	1
digital-portfolio-manager	Digital portfolio manager	Digital portfolio manager	6	pcf:stakeholder-relationship-management	Stakeholder relationship management	working	2
digital-portfolio-manager	Digital portfolio manager	Digital portfolio manager	6	pcf:strategic-thinking	Strategic thinking	awareness	1
digital-portfolio-manager	Digital portfolio manager	Digital portfolio manager	6	health-care-context	Understanding health and care services	working	2
digital-portfolio-manager	Digital portfolio manager	Digital portfolio manager	6	clinical-safety	Clinical risk management	awareness	1
digital-portfolio-manager	Digital portfolio manager	Digital portfolio manager	6	information-governance	Information governance and data protection	working	2
digital-portfolio-manager	Digital portfolio manager	Digital portfolio manager	6	project-management	Project management	working	2
digital-portfolio-manager	Digital portfolio manager	Digital portfolio manager	6	risk-management	Organisational risk management	working	2
digital-portfolio-manager	Digital portfolio manager	Senior digital portfolio manager	8a	pcf:agile-working	Agile working	awareness	1
digital-portfolio-manager	Digital portfolio manager	Senior digital portfolio manager	8a	pcf:communicating-analysis-and-insight	Communicating analysis and insight	practitioner	3
digital-portfolio-manager	Digital portfolio manager	Senior digital portfolio manager	8a	pcf:governance-and-assurance	Governance and assurance	practitioner	3
digital-portfolio-manager	Digital portfolio manager	Senior digital portfolio manager	8a	pcf:planning	Planning	practitioner	3
digital-portfolio-manager	Digital portfolio manager	Senior digital portfolio manager	8a	pcf:stakeholder-relationship-management	Stakeholder relationship management	practitioner	3
digital-portfolio-manager	Digital portfolio manager	Senior digital portfolio manager	8a	pcf:strategic-thinking	Strategic thinking	working	2
digital-portfolio-manager	Digital portfolio manager	Senior digital portfolio manager	8a	health-care-context	Understanding health and care services	practitioner	3
digital-portfolio-manager	Digital portfolio manager	Senior digital portfolio manager	8a	clinical-safety	Clinical risk management	working	2
digital-portfolio-manager	Digital portfolio manager	Senior digital portfolio manager	8a	information-governance	Information governance and data protection	working	2
digital-portfolio-manager	Digital portfolio manager	Senior digital portfolio manager	8a	project-management	Project management	practitioner	3
digital-portfolio-manager	Digital portfolio manager	Senior digital portfolio manager	8a	risk-management	Organisational risk management	practitioner	3
digital-portfolio-manager	Digital portfolio manager	Senior digital portfolio manager	8a	governance-and-compliance	Corporate governance and compliance	working	2
digital-portfolio-manager	Digital portfolio manager	Senior digital portfolio manager	8a	people-management	People management	working	2
digital-portfolio-manager	Digital portfolio manager	Head of digital portfolio	8c	pcf:agile-working	Agile working	awareness	1
digital-portfolio-manager	Digital portfolio manager	Head of digital portfolio	8c	pcf:communicating-analysis-and-insight	Communicating analysis and insight	expert	4
digital-portfolio-manager	Digital portfolio manager	Head of digital portfolio	8c	pcf:governance-and-assurance	Governance and assurance	practitioner	3
digital-portfolio-manager	Digital portfolio manager	Head of digital portfolio	8c	pcf:planning	Planning	practitioner	3
digital-portfolio-manager	Digital portfolio manager	Head of digital portfolio	8c	pcf:stakeholder-relationship-management	Stakeholder relationship management	expert	4
digital-portfolio-manager	Digital portfolio manager	Head of digital portfolio	8c	pcf:strategic-thinking	Strategic thinking	practitioner	3
digital-portfolio-manager	Digital portfolio manager	Head of digital portfolio	8c	health-care-context	Understanding health and care services	practitioner	3
digital-portfolio-manager	Digital portfolio manager	Head of digital portfolio	8c	clinical-safety	Clinical risk management	working	2
digital-portfolio-manager	Digital portfolio manager	Head of digital portfolio	8c	information-governance	Information governance and data protection	practitioner	3
digital-portfolio-manager	Digital portfolio manager	Head of digital portfolio	8c	project-management	Project management	expert	4
digital-portfolio-manager	Digital portfolio manager	Head of digital portfolio	8c	risk-management	Organisational risk management	expert	4
digital-portfolio-manager	Digital portfolio manager	Head of digital portfolio	8c	governance-and-compliance	Corporate governance and compliance	practitioner	3
digital-portfolio-manager	Digital portfolio manager	Head of digital portfolio	8c	people-management	People management	practitioner	3
digital-portfolio-manager	Digital portfolio manager	Head of digital portfolio	8c	budget-management	Budget management	practitioner	3
end-user-computing-engineer	End user computing engineer	Associate end user computing engineer	4	pcf:incident-management	Incident management	awareness	1
end-user-computing-engineer	End user computing engineer	Associate end user computing engineer	4	pcf:it-service-reporting	IT service reporting	awareness	1
end-user-computing-engineer	End user computing engineer	Associate end user computing engineer	4	pcf:ownership-and-initiative	Ownership and initiative	awareness	1
end-user-computing-engineer	End user computing engineer	Associate end user computing engineer	4	pcf:problem-management	Problem management	awareness	1
end-user-computing-engineer	End user computing engineer	Associate end user computing engineer	4	pcf:user-focus	User focus	awareness	1
end-user-computing-engineer	End user computing engineer	Associate end user computing engineer	4	health-care-context	Understanding health and care services	awareness	1
end-user-computing-engineer	End user computing engineer	Associate end user computing engineer	4	information-governance	Information governance and data protection	awareness	1
end-user-computing-engineer	End user computing engineer	Associate end user computing engineer	4	identity-and-access-management	Identity and access management	awareness	1
end-user-computing-engineer	End user computing engineer	Associate end user computing engineer	4	health-safety-wellbeing	Health, safety, and wellbeing	awareness	1
end-user-computing-engineer	End user computing engineer	End user computing engineer	5	pcf:asset-and-configuration-management	Asset and configuration management	working	2
end-user-computing-engineer	End user computing engineer	End user computing engineer	5	pcf:change-management	Change management	awareness	1
end-user-computing-engineer	End user computing engineer	End user computing engineer	5	pcf:continual-service-improvement	Continual service improvement	awareness	1
end-user-computing-engineer	End user computing engineer	End user computing engineer	5	pcf:incident-management	Incident management	awareness	1
end-user-computing-engineer	End user computing engineer	End user computing engineer	5	pcf:it-service-reporting	IT service reporting	awareness	1
end-user-computing-engineer	End user computing engineer	End user computing engineer	5	pcf:ownership-and-initiative	Ownership and initiative	working	2
end-user-computing-engineer	End user computing engineer	End user computing engineer	5	pcf:problem-management	Problem management	awareness	1
end-user-computing-engineer	End user computing engineer	End user computing engineer	5	pcf:service-focus	Service focus	working	2
end-user-computing-engineer	End user computing engineer	End user computing engineer	5	pcf:service-management-framework-knowledge	Service management framework knowledge	awareness	1
end-user-computing-engineer	End user computing engineer	End user computing engineer	5	pcf:technical-specialism	Technical specialism	awareness	1
end-user-computing-engineer	End user computing engineer	End user computing engineer	5	pcf:technical-understanding	Technical understanding	awareness	1
end-user-computing-engineer	End user computing engineer	End user computing engineer	5	pcf:testing	Testing	awareness	1
end-user-computing-engineer	End user computing engineer	End user computing engineer	5	pcf:user-focus	User focus	working	2
end-user-computing-engineer	End user computing engineer	End user computing engineer	5	health-care-context	Understanding health and care services	working	2
end-user-computing-engineer	End user computing engineer	End user computing engineer	5	information-governance	Information governance and data protection	working	2
end-user-computing-engineer	End user computing engineer	End user computing engineer	5	identity-and-access-management	Identity and access management	working	2
end-user-computing-engineer	End user computing engineer	End user computing engineer	5	vulnerability-management	Vulnerability management	awareness	1
end-user-computing-engineer	End user computing engineer	End user computing engineer	5	clinical-safety	Clinical risk management	awareness	1
end-user-computing-engineer	End user computing engineer	End user computing engineer	5	health-safety-wellbeing	Health, safety, and wellbeing	awareness	1
end-user-computing-engineer	End user computing engineer	Senior end user computing engineer	6	pcf:asset-and-configuration-management	Asset and configuration management	working	2
end-user-computing-engineer	End user computing engineer	Senior end user computing engineer	6	pcf:change-management	Change management	working	2
end-user-computing-engineer	End user computing engineer	Senior end user computing engineer	6	pcf:continual-service-improvement	Continual service improvement	working	2
end-user-computing-engineer	End user computing engineer	Senior end user computing engineer	6	pcf:incident-management	Incident management	working	2
end-user-computing-engineer	End user computing engineer	Senior end user computing engineer	6	pcf:it-service-reporting	IT service reporting	working	2
end-user-computing-engineer	End user computing engineer	Senior end user computing engineer	6	pcf:ownership-and-initiative	Ownership and initiative	working	2
end-user-computing-engineer	End user computing engineer	Senior end user computing engineer	6	pcf:problem-management	Problem management	working	2
end-user-computing-engineer	End user computing engineer	Senior end user computing engineer	6	pcf:service-focus	Service focus	working	2
end-user-computing-engineer	End user computing engineer	Senior end user computing engineer	6	pcf:service-management-framework-knowledge	Service management framework knowledge	awareness	1
end-user-computing-engineer	End user computing engineer	Senior end user computing engineer	6	pcf:technical-specialism	Technical specialism	working	2
end-user-computing-engineer	End user computing engineer	Senior end user computing engineer	6	pcf:technical-understanding	Technical understanding	working	2
end-user-computing-engineer	End user computing engineer	Senior end user computing engineer	6	pcf:testing	Testing	working	2
end-user-computing-engineer	End user computing engineer	Senior end user computing engineer	6	pcf:user-focus	User focus	working	2
end-user-computing-engineer	End user computing engineer	Senior end user computing engineer	6	health-care-context	Understanding health and care services	working	2
end-user-computing-engineer	End user computing engineer	Senior end user computing engineer	6	information-governance	Information governance and data protection	working	2
end-user-computing-engineer	End user computing engineer	Senior end user computing engineer	6	identity-and-access-management	Identity and access management	working	2
end-user-computing-engineer	End user computing engineer	Senior end user computing engineer	6	vulnerability-management	Vulnerability management	working	2
end-user-computing-engineer	End user computing engineer	Senior end user computing engineer	6	clinical-safety	Clinical risk management	working	2
end-user-computing-engineer	End user computing engineer	Senior end user computing engineer	6	security-operations	Security operations	awareness	1
end-user-computing-engineer	End user computing engineer	Senior end user computing engineer	6	people-management	People management	working	2
end-user-computing-engineer	End user computing engineer	Lead end user computing engineer	7	pcf:asset-and-configuration-management	Asset and configuration management	working	2
end-user-computing-engineer	End user computing engineer	Lead end user computing engineer	7	pcf:change-management	Change management	practitioner	3
end-user-computing-engineer	End user computing engineer	Lead end user computing engineer	7	pcf:continual-service-improvement	Continual service improvement	working	2
end-user-computing-engineer	End user computing engineer	Lead end user computing engineer	7	pcf:incident-management	Incident management	practitioner	3
end-user-computing-engineer	End user computing engineer	Lead end user computing engineer	7	pcf:it-service-reporting	IT service reporting	working	2
end-user-computing-engineer	End user computing engineer	Lead end user computing engineer	7	pcf:ownership-and-initiative	Ownership and initiative	practitioner	3
end-user-computing-engineer	End user computing engineer	Lead end user computing engineer	7	pcf:problem-management	Problem management	working	2
end-user-computing-engineer	End user computing engineer	Lead end user computing engineer	7	pcf:service-focus	Service focus	working	2
end-user-computing-engineer	End user computing engineer	Lead end user computing engineer	7	pcf:service-management-framework-knowledge	Service management framework knowledge	working	2
end-user-computing-engineer	End user computing engineer	Lead end user computing engineer	7	pcf:technical-specialism	Technical specialism	practitioner	3
end-user-computing-engineer	End user computing engineer	Lead end user computing engineer	7	pcf:technical-understanding	Technical understanding	working	2
end-user-computing-engineer	End user computing engineer	Lead end user computing engineer	7	pcf:testing	Testing	practitioner	3
end-user-computing-engineer	End user computing engineer	Lead end user computing engineer	7	pcf:user-focus	User focus	practitioner	3
end-user-computing-engineer	End user computing engineer	Lead end user computing engineer	7	health-care-context	Understanding health and care services	practitioner	3
end-user-computing-engineer	End user computing engineer	Lead end user computing engineer	7	information-governance	Information governance and data protection	practitioner	3
end-user-computing-engineer	End user computing engineer	Lead end user computing engineer	7	identity-and-access-management	Identity and access management	practitioner	3
end-user-computing-engineer	End user computing engineer	Lead end user computing engineer	7	vulnerability-management	Vulnerability management	practitioner	3
end-user-computing-engineer	End user computing engineer	Lead end user computing engineer	7	clinical-safety	Clinical risk management	working	2
end-user-computing-engineer	End user computing engineer	Lead end user computing engineer	7	security-operations	Security operations	working	2
end-user-computing-engineer	End user computing engineer	Lead end user computing engineer	7	people-management	People management	practitioner	3
end-user-computing-engineer	End user computing engineer	Principal end user computing engineer	8b	pcf:asset-and-configuration-management	Asset and configuration management	practitioner	3
end-user-computing-engineer	End user computing engineer	Principal end user computing engineer	8b	pcf:change-management	Change management	practitioner	3
end-user-computing-engineer	End user computing engineer	Principal end user computing engineer	8b	pcf:continual-service-improvement	Continual service improvement	practitioner	3
end-user-computing-engineer	End user computing engineer	Principal end user computing engineer	8b	pcf:incident-management	Incident management	practitioner	3
end-user-computing-engineer	End user computing engineer	Principal end user computing engineer	8b	pcf:it-service-reporting	IT service reporting	practitioner	3
end-user-computing-engineer	End user computing engineer	Principal end user computing engineer	8b	pcf:ownership-and-initiative	Ownership and initiative	practitioner	3
end-user-computing-engineer	End user computing engineer	Principal end user computing engineer	8b	pcf:problem-management	Problem management	practitioner	3
end-user-computing-engineer	End user computing engineer	Principal end user computing engineer	8b	pcf:service-focus	Service focus	practitioner	3
end-user-computing-engineer	End user computing engineer	Principal end user computing engineer	8b	pcf:technical-specialism	Technical specialism	expert	4
end-user-computing-engineer	End user computing engineer	Principal end user computing engineer	8b	pcf:technical-understanding	Technical understanding	working	2
end-user-computing-engineer	End user computing engineer	Principal end user computing engineer	8b	pcf:testing	Testing	expert	4
end-user-computing-engineer	End user computing engineer	Principal end user computing engineer	8b	pcf:user-focus	User focus	expert	4
end-user-computing-engineer	End user computing engineer	Principal end user computing engineer	8b	health-care-context	Understanding health and care services	practitioner	3
end-user-computing-engineer	End user computing engineer	Principal end user computing engineer	8b	information-governance	Information governance and data protection	practitioner	3
end-user-computing-engineer	End user computing engineer	Principal end user computing engineer	8b	identity-and-access-management	Identity and access management	practitioner	3
end-user-computing-engineer	End user computing engineer	Principal end user computing engineer	8b	vulnerability-management	Vulnerability management	practitioner	3
end-user-computing-engineer	End user computing engineer	Principal end user computing engineer	8b	clinical-safety	Clinical risk management	working	2
end-user-computing-engineer	End user computing engineer	Principal end user computing engineer	8b	people-management	People management	practitioner	3
end-user-computing-engineer	End user computing engineer	Principal end user computing engineer	8b	budget-management	Budget management	practitioner	3
enterprise-architect	Enterprise architect	Enterprise architect	6	pcf:architect-for-the-whole-context	Architect for the whole context	practitioner	3
enterprise-architect	Enterprise architect	Enterprise architect	6	pcf:architecture-communication	Architecture communication	practitioner	3
enterprise-architect	Enterprise architect	Enterprise architect	6	pcf:commercial-perspective	Commercial perspective	working	2
enterprise-architect	Enterprise architect	Enterprise architect	6	pcf:community-collaboration	Community collaboration	working	2
enterprise-architect	Enterprise architect	Enterprise architect	6	pcf:enterprise-architecture	Enterprise architecture	working	2
enterprise-architect	Enterprise architect	Enterprise architect	6	pcf:making-architectural-decisions	Making architectural decisions	working	2
enterprise-architect	Enterprise architect	Enterprise architect	6	pcf:problem-definition-and-shaping	Problem definition and shaping	working	2
enterprise-architect	Enterprise architect	Enterprise architect	6	pcf:strategy-design	Strategy design	working	2
enterprise-architect	Enterprise architect	Enterprise architect	6	health-care-context	Understanding health and care services	working	2
enterprise-architect	Enterprise architect	Enterprise architect	6	health-data-interoperability	Health data interoperability	working	2
enterprise-architect	Enterprise architect	Enterprise architect	6	information-governance	Information governance and data protection	working	2
enterprise-architect	Enterprise architect	Enterprise architect	6	clinical-safety	Clinical risk management	awareness	1
enterprise-architect	Enterprise architect	Senior enterprise architect	7	pcf:architect-for-the-whole-context	Architect for the whole context	practitioner	3
enterprise-architect	Enterprise architect	Senior enterprise architect	7	pcf:architecture-communication	Architecture communication	practitioner	3
enterprise-architect	Enterprise architect	Senior enterprise architect	7	pcf:commercial-perspective	Commercial perspective	working	2
enterprise-architect	Enterprise architect	Senior enterprise architect	7	pcf:community-collaboration	Community collaboration	practitioner	3
enterprise-architect	Enterprise architect	Senior enterprise architect	7	pcf:enterprise-architecture	Enterprise architecture	practitioner	3
enterprise-architect	Enterprise architect	Senior enterprise architect	7	pcf:making-architectural-decisions	Making architectural decisions	practitioner	3
enterprise-architect	Enterprise architect	Senior enterprise architect	7	pcf:problem-definition-and-shaping	Problem definition and shaping	practitioner	3
enterprise-architect	Enterprise architect	Senior enterprise architect	7	pcf:strategy-design	Strategy design	practitioner	3
enterprise-architect	Enterprise architect	Senior enterprise architect	7	health-care-context	Understanding health and care services	practitioner	3
enterprise-architect	Enterprise architect	Senior enterprise architect	7	health-data-interoperability	Health data interoperability	practitioner	3
enterprise-architect	Enterprise architect	Senior enterprise architect	7	information-governance	Information governance and data protection	working	2
enterprise-architect	Enterprise architect	Senior enterprise architect	7	clinical-safety	Clinical risk management	working	2
enterprise-architect	Enterprise architect	Senior enterprise architect	7	risk-management	Organisational risk management	working	2
enterprise-architect	Enterprise architect	Lead enterprise architect	8b	pcf:architect-for-the-whole-context	Architect for the whole context	expert	4
enterprise-architect	Enterprise architect	Lead enterprise architect	8b	pcf:architecture-communication	Architecture communication	expert	4
enterprise-architect	Enterprise architect	Lead enterprise architect	8b	pcf:commercial-perspective	Commercial perspective	practitioner	3
enterprise-architect	Enterprise architect	Lead enterprise architect	8b	pcf:community-collaboration	Community collaboration	practitioner	3
enterprise-architect	Enterprise architect	Lead enterprise architect	8b	pcf:enterprise-architecture	Enterprise architecture	practitioner	3
enterprise-architect	Enterprise architect	Lead enterprise architect	8b	pcf:making-architectural-decisions	Making architectural decisions	practitioner	3
enterprise-architect	Enterprise architect	Lead enterprise architect	8b	pcf:problem-definition-and-shaping	Problem definition and shaping	expert	4
enterprise-architect	Enterprise architect	Lead enterprise architect	8b	pcf:strategy-design	Strategy design	expert	4
enterprise-architect	Enterprise architect	Lead enterprise architect	8b	health-care-context	Understanding health and care services	practitioner	3
enterprise-architect	Enterprise architect	Lead enterprise architect	8b	health-data-interoperability	Health data interoperability	practitioner	3
enterprise-architect	Enterprise architect	Lead enterprise architect	8b	information-governance	Information governance and data protection	practitioner	3
enterprise-architect	Enterprise architect	Lead enterprise architect	8b	clinical-safety	Clinical risk management	working	2
enterprise-architect	Enterprise architect	Lead enterprise architect	8b	risk-management	Organisational risk management	practitioner	3
enterprise-architect	Enterprise architect	Lead enterprise architect	8b	people-management	People management	practitioner	3
enterprise-architect	Enterprise architect	Principal enterprise architect	8c	pcf:architect-for-the-whole-context	Architect for the whole context	expert	4
enterprise-architect	Enterprise architect	Principal enterprise architect	8c	pcf:architecture-communication	Architecture communication	expert	4
enterprise-architect	Enterprise architect	Principal enterprise architect	8c	pcf:commercial-perspective	Commercial perspective	practitioner	3
enterprise-architect	Enterprise architect	Principal enterprise architect	8c	pcf:community-collaboration	Community collaboration	expert	4
enterprise-architect	Enterprise architect	Principal enterprise architect	8c	pcf:enterprise-architecture	Enterprise architecture	expert	4
enterprise-architect	Enterprise architect	Principal enterprise architect	8c	pcf:making-architectural-decisions	Making architectural decisions	expert	4
enterprise-architect	Enterprise architect	Principal enterprise architect	8c	pcf:problem-definition-and-shaping	Problem definition and shaping	expert	4
enterprise-architect	Enterprise architect	Principal enterprise architect	8c	pcf:strategy-design	Strategy design	expert	4
enterprise-architect	Enterprise architect	Principal enterprise architect	8c	health-care-context	Understanding health and care services	expert	4
enterprise-architect	Enterprise architect	Principal enterprise architect	8c	health-data-interoperability	Health data interoperability	expert	4
enterprise-architect	Enterprise architect	Principal enterprise architect	8c	information-governance	Information governance and data protection	practitioner	3
enterprise-architect	Enterprise architect	Principal enterprise architect	8c	clinical-safety	Clinical risk management	practitioner	3
enterprise-architect	Enterprise architect	Principal enterprise architect	8c	risk-management	Organisational risk management	practitioner	3
enterprise-architect	Enterprise architect	Principal enterprise architect	8c	people-management	People management	practitioner	3
enterprise-architect	Enterprise architect	Principal enterprise architect	8c	budget-management	Budget management	working	2
executive-assistant	Executive assistant	Executive assistant	4	corp-diary-and-meeting-management	Diary and meeting management	practitioner	3
executive-assistant	Executive assistant	Executive assistant	4	corp-correspondence-management	Correspondence and enquiry handling	practitioner	3
executive-assistant	Executive assistant	Executive assistant	4	corp-minute-taking	Minute-taking and meeting records	working	2
executive-assistant	Executive assistant	Executive assistant	4	corp-administration	Office administration	working	2
executive-assistant	Executive assistant	Executive assistant	4	corp-office-software	Digital office tools	practitioner	3
executive-assistant	Executive assistant	Executive assistant	4	information-governance	Information governance and data protection	working	2
executive-assistant	Executive assistant	Executive assistant	4	pcf:communicating-information	Communicating information	working	2
executive-assistant	Executive assistant	Senior executive assistant	5	corp-diary-and-meeting-management	Diary and meeting management	practitioner	3
executive-assistant	Executive assistant	Senior executive assistant	5	corp-correspondence-management	Correspondence and enquiry handling	practitioner	3
executive-assistant	Executive assistant	Senior executive assistant	5	corp-minute-taking	Minute-taking and meeting records	practitioner	3
executive-assistant	Executive assistant	Senior executive assistant	5	corp-office-software	Digital office tools	practitioner	3
executive-assistant	Executive assistant	Senior executive assistant	5	governance-and-compliance	Corporate governance and compliance	working	2
executive-assistant	Executive assistant	Senior executive assistant	5	information-governance	Information governance and data protection	working	2
executive-assistant	Executive assistant	Senior executive assistant	5	pcf:communicating-information	Communicating information	practitioner	3
executive-assistant	Executive assistant	Senior executive assistant	5	pcf:stakeholder-relationship-management	Stakeholder relationship management	working	2
executive-assistant	Executive assistant	Executive office manager	6	corp-diary-and-meeting-management	Diary and meeting management	expert	4
executive-assistant	Executive assistant	Executive office manager	6	corp-correspondence-management	Correspondence and enquiry handling	expert	4
executive-assistant	Executive assistant	Executive office manager	6	corp-minute-taking	Minute-taking and meeting records	practitioner	3
executive-assistant	Executive assistant	Executive office manager	6	governance-and-compliance	Corporate governance and compliance	working	2
executive-assistant	Executive assistant	Executive office manager	6	people-management	People management	practitioner	3
executive-assistant	Executive assistant	Executive office manager	6	budget-management	Budget management	working	2
executive-assistant	Executive assistant	Executive office manager	6	pcf:stakeholder-relationship-management	Stakeholder relationship management	practitioner	3
executive-assistant	Executive assistant	Executive office manager	6	pcf:planning	Planning	practitioner	3
finance-officer	Finance officer	Finance assistant	2	fin-financial-transactions	Financial transactions and ledgers	awareness	1
finance-officer	Finance officer	Finance assistant	2	fin-financial-systems	Finance systems	awareness	1
finance-officer	Finance officer	Finance assistant	2	fin-audit-and-controls	Financial controls and audit	awareness	1
finance-officer	Finance officer	Finance assistant	2	fin-public-sector-finance	Public sector finance	awareness	1
finance-officer	Finance officer	Finance assistant	2	pcf:communicating-information	Communicating information	awareness	1
finance-officer	Finance officer	Finance assistant	2	information-governance	Information governance and data protection	awareness	1
finance-officer	Finance officer	Finance assistant	2	health-care-context	Understanding health and care services	awareness	1
finance-officer	Finance officer	Finance officer	3	fin-financial-transactions	Financial transactions and ledgers	working	2
finance-officer	Finance officer	Finance officer	3	fin-financial-systems	Finance systems	working	2
finance-officer	Finance officer	Finance officer	3	fin-audit-and-controls	Financial controls and audit	working	2
finance-officer	Finance officer	Finance officer	3	fin-treasury-and-cash	Treasury and cash management	awareness	1
finance-officer	Finance officer	Finance officer	3	fin-tax	Tax	awareness	1
finance-officer	Finance officer	Finance officer	3	fin-public-sector-finance	Public sector finance	awareness	1
finance-officer	Finance officer	Finance officer	3	pcf:communicating-information	Communicating information	working	2
finance-officer	Finance officer	Finance officer	3	information-governance	Information governance and data protection	awareness	1
finance-officer	Finance officer	Senior finance officer	4	fin-financial-transactions	Financial transactions and ledgers	practitioner	3
finance-officer	Finance officer	Senior finance officer	4	fin-financial-reporting	Financial reporting and statutory accounts	awareness	1
finance-officer	Finance officer	Senior finance officer	4	fin-management-accounting	Management accounting	awareness	1
finance-officer	Finance officer	Senior finance officer	4	fin-financial-systems	Finance systems	working	2
finance-officer	Finance officer	Senior finance officer	4	fin-audit-and-controls	Financial controls and audit	working	2
finance-officer	Finance officer	Senior finance officer	4	fin-tax	Tax	working	2
finance-officer	Finance officer	Senior finance officer	4	fin-public-sector-finance	Public sector finance	working	2
finance-officer	Finance officer	Senior finance officer	4	pcf:communicating-information	Communicating information	working	2
finance-officer	Finance officer	Senior finance officer	4	information-governance	Information governance and data protection	working	2
finance-officer	Finance officer	Finance team leader	5	fin-financial-transactions	Financial transactions and ledgers	practitioner	3
finance-officer	Finance officer	Finance team leader	5	fin-financial-reporting	Financial reporting and statutory accounts	working	2
finance-officer	Finance officer	Finance team leader	5	fin-management-accounting	Management accounting	working	2
finance-officer	Finance officer	Finance team leader	5	fin-financial-systems	Finance systems	practitioner	3
finance-officer	Finance officer	Finance team leader	5	fin-audit-and-controls	Financial controls and audit	practitioner	3
finance-officer	Finance officer	Finance team leader	5	fin-tax	Tax	working	2
finance-officer	Finance officer	Finance team leader	5	fin-public-sector-finance	Public sector finance	working	2
finance-officer	Finance officer	Finance team leader	5	pcf:stakeholder-relationship-management	Stakeholder relationship management	working	2
finance-officer	Finance officer	Finance team leader	5	people-management	People management	working	2
finance-officer	Finance officer	Finance team leader	5	information-governance	Information governance and data protection	working	2
financial-accountant	Financial accountant	Trainee financial accountant	5	fin-financial-reporting	Financial reporting and statutory accounts	working	2
financial-accountant	Financial accountant	Trainee financial accountant	5	fin-financial-transactions	Financial transactions and ledgers	working	2
financial-accountant	Financial accountant	Trainee financial accountant	5	fin-treasury-and-cash	Treasury and cash management	working	2
financial-accountant	Financial accountant	Trainee financial accountant	5	fin-audit-and-controls	Financial controls and audit	working	2
financial-accountant	Financial accountant	Trainee financial accountant	5	fin-tax	Tax	awareness	1
financial-accountant	Financial accountant	Trainee financial accountant	5	fin-public-sector-finance	Public sector finance	working	2
financial-accountant	Financial accountant	Trainee financial accountant	5	fin-financial-systems	Finance systems	working	2
financial-accountant	Financial accountant	Trainee financial accountant	5	pcf:financial-management	Financial management	awareness	1
financial-accountant	Financial accountant	Financial accountant	6	fin-financial-reporting	Financial reporting and statutory accounts	practitioner	3
financial-accountant	Financial accountant	Financial accountant	6	fin-treasury-and-cash	Treasury and cash management	working	2
financial-accountant	Financial accountant	Financial accountant	6	fin-audit-and-controls	Financial controls and audit	practitioner	3
financial-accountant	Financial accountant	Financial accountant	6	fin-tax	Tax	working	2
financial-accountant	Financial accountant	Financial accountant	6	fin-public-sector-finance	Public sector finance	working	2
financial-accountant	Financial accountant	Financial accountant	6	fin-financial-systems	Finance systems	working	2
financial-accountant	Financial accountant	Financial accountant	6	pcf:financial-management	Financial management	working	2
financial-accountant	Financial accountant	Financial accountant	6	pcf:communicating-information	Communicating information	working	2
financial-accountant	Financial accountant	Senior financial accountant	7	fin-financial-reporting	Financial reporting and statutory accounts	practitioner	3
financial-accountant	Financial accountant	Senior financial accountant	7	fin-treasury-and-cash	Treasury and cash management	practitioner	3
financial-accountant	Financial accountant	Senior financial accountant	7	fin-audit-and-controls	Financial controls and audit	practitioner	3
financial-accountant	Financial accountant	Senior financial accountant	7	fin-tax	Tax	practitioner	3
financial-accountant	Financial accountant	Senior financial accountant	7	fin-public-sector-finance	Public sector finance	practitioner	3
financial-accountant	Financial accountant	Senior financial accountant	7	pcf:financial-management	Financial management	practitioner	3
financial-accountant	Financial accountant	Senior financial accountant	7	pcf:stakeholder-relationship-management	Stakeholder relationship management	working	2
financial-accountant	Financial accountant	Senior financial accountant	7	people-management	People management	working	2
financial-accountant	Financial accountant	Senior financial accountant	7	governance-and-compliance	Corporate governance and compliance	working	2
financial-accountant	Financial accountant	Financial accounting manager	8a	fin-financial-reporting	Financial reporting and statutory accounts	expert	4
financial-accountant	Financial accountant	Financial accounting manager	8a	fin-treasury-and-cash	Treasury and cash management	practitioner	3
financial-accountant	Financial accountant	Financial accounting manager	8a	fin-audit-and-controls	Financial controls and audit	practitioner	3
financial-accountant	Financial accountant	Financial accounting manager	8a	fin-tax	Tax	practitioner	3
financial-accountant	Financial accountant	Financial accounting manager	8a	fin-public-sector-finance	Public sector finance	practitioner	3
financial-accountant	Financial accountant	Financial accounting manager	8a	fin-financial-systems	Finance systems	practitioner	3
financial-accountant	Financial accountant	Financial accounting manager	8a	pcf:financial-management	Financial management	practitioner	3
financial-accountant	Financial accountant	Financial accounting manager	8a	people-management	People management	practitioner	3
financial-accountant	Financial accountant	Financial accounting manager	8a	governance-and-compliance	Corporate governance and compliance	practitioner	3
financial-accountant	Financial accountant	Head of financial accounts	8b	fin-financial-reporting	Financial reporting and statutory accounts	expert	4
financial-accountant	Financial accountant	Head of financial accounts	8b	fin-treasury-and-cash	Treasury and cash management	expert	4
financial-accountant	Financial accountant	Head of financial accounts	8b	fin-audit-and-controls	Financial controls and audit	expert	4
financial-accountant	Financial accountant	Head of financial accounts	8b	fin-tax	Tax	practitioner	3
financial-accountant	Financial accountant	Head of financial accounts	8b	fin-public-sector-finance	Public sector finance	expert	4
financial-accountant	Financial accountant	Head of financial accounts	8b	pcf:financial-management	Financial management	expert	4
financial-accountant	Financial accountant	Head of financial accounts	8b	pcf:leadership-and-guidance	Leadership and guidance	practitioner	3
financial-accountant	Financial accountant	Head of financial accounts	8b	people-management	People management	practitioner	3
financial-accountant	Financial accountant	Head of financial accounts	8b	governance-and-compliance	Corporate governance and compliance	practitioner	3
financial-accountant	Financial accountant	Head of financial accounts	8b	risk-management	Organisational risk management	practitioner	3
frontend-developer	Frontend developer	Apprentice frontend developer	4	pcf:accessibility	Accessibility	awareness	1
frontend-developer	Frontend developer	Apprentice frontend developer	4	pcf:communicating-information	Communicating information	awareness	1
frontend-developer	Frontend developer	Apprentice frontend developer	4	pcf:community-collaboration	Community collaboration	awareness	1
frontend-developer	Frontend developer	Apprentice frontend developer	4	pcf:leadership-and-guidance-frontend-developer	Leadership and guidance (frontend developer)	awareness	1
frontend-developer	Frontend developer	Apprentice frontend developer	4	pcf:modern-development-standards	Modern development standards	awareness	1
frontend-developer	Frontend developer	Apprentice frontend developer	4	pcf:programming-and-build-frontend-developer	Programming and build (frontend developer)	awareness	1
frontend-developer	Frontend developer	Apprentice frontend developer	4	pcf:prototyping	Prototyping	awareness	1
frontend-developer	Frontend developer	Apprentice frontend developer	4	pcf:user-focus-frontend-developer	User focus (frontend developer)	awareness	1
frontend-developer	Frontend developer	Apprentice frontend developer	4	pcf:web-performance-optimisation	Web performance optimisation	awareness	1
frontend-developer	Frontend developer	Apprentice frontend developer	4	health-care-context	Understanding health and care services	awareness	1
frontend-developer	Frontend developer	Apprentice frontend developer	4	clinical-safety	Clinical risk management	awareness	1
frontend-developer	Frontend developer	Apprentice frontend developer	4	information-governance	Information governance and data protection	awareness	1
frontend-developer	Frontend developer	Junior frontend developer	5	pcf:accessibility	Accessibility	working	2
frontend-developer	Frontend developer	Junior frontend developer	5	pcf:communicating-information	Communicating information	working	2
frontend-developer	Frontend developer	Junior frontend developer	5	pcf:community-collaboration	Community collaboration	working	2
frontend-developer	Frontend developer	Junior frontend developer	5	pcf:leadership-and-guidance-frontend-developer	Leadership and guidance (frontend developer)	awareness	1
frontend-developer	Frontend developer	Junior frontend developer	5	pcf:modern-development-standards	Modern development standards	working	2
frontend-developer	Frontend developer	Junior frontend developer	5	pcf:programming-and-build-frontend-developer	Programming and build (frontend developer)	working	2
frontend-developer	Frontend developer	Junior frontend developer	5	pcf:prototyping	Prototyping	working	2
frontend-developer	Frontend developer	Junior frontend developer	5	pcf:strategic-thinking	Strategic thinking	awareness	1
frontend-developer	Frontend developer	Junior frontend developer	5	pcf:systems-design-frontend-developer	Systems design (frontend developer)	awareness	1
frontend-developer	Frontend developer	Junior frontend developer	5	pcf:systems-integration-frontend-developer	Systems integration (frontend developer)	awareness	1
frontend-developer	Frontend developer	Junior frontend developer	5	pcf:user-focus-frontend-developer	User focus (frontend developer)	awareness	1
frontend-developer	Frontend developer	Junior frontend developer	5	pcf:web-performance-optimisation	Web performance optimisation	awareness	1
frontend-developer	Frontend developer	Junior frontend developer	5	health-care-context	Understanding health and care services	awareness	1
frontend-developer	Frontend developer	Junior frontend developer	5	clinical-safety	Clinical risk management	awareness	1
frontend-developer	Frontend developer	Junior frontend developer	5	information-governance	Information governance and data protection	working	2
frontend-developer	Frontend developer	Junior frontend developer	5	equality-diversity-inclusion	Equality, diversity, and inclusion	awareness	1
frontend-developer	Frontend developer	Frontend developer	6	pcf:accessibility	Accessibility	practitioner	3
frontend-developer	Frontend developer	Frontend developer	6	pcf:communicating-information	Communicating information	practitioner	3
frontend-developer	Frontend developer	Frontend developer	6	pcf:community-collaboration	Community collaboration	practitioner	3
frontend-developer	Frontend developer	Frontend developer	6	pcf:leadership-and-guidance-frontend-developer	Leadership and guidance (frontend developer)	working	2
frontend-developer	Frontend developer	Frontend developer	6	pcf:modern-development-standards	Modern development standards	practitioner	3
frontend-developer	Frontend developer	Frontend developer	6	pcf:programming-and-build-frontend-developer	Programming and build (frontend developer)	practitioner	3
frontend-developer	Frontend developer	Frontend developer	6	pcf:prototyping	Prototyping	practitioner	3
frontend-developer	Frontend developer	Frontend developer	6	pcf:strategic-thinking	Strategic thinking	working	2
frontend-developer	Frontend developer	Frontend developer	6	pcf:systems-design-frontend-developer	Systems design (frontend developer)	working	2
frontend-developer	Frontend developer	Frontend developer	6	pcf:systems-integration-frontend-developer	Systems integration (frontend developer)	working	2
frontend-developer	Frontend developer	Frontend developer	6	pcf:user-focus-frontend-developer	User focus (frontend developer)	working	2
frontend-developer	Frontend developer	Frontend developer	6	pcf:web-performance-optimisation	Web performance optimisation	working	2
frontend-developer	Frontend developer	Frontend developer	6	health-care-context	Understanding health and care services	working	2
frontend-developer	Frontend developer	Frontend developer	6	clinical-safety	Clinical risk management	working	2
frontend-developer	Frontend developer	Frontend developer	6	information-governance	Information governance and data protection	working	2
frontend-developer	Frontend developer	Frontend developer	6	health-data-interoperability	Health data interoperability	awareness	1
frontend-developer	Frontend developer	Frontend developer	6	equality-diversity-inclusion	Equality, diversity, and inclusion	working	2
frontend-developer	Frontend developer	Senior frontend developer	7	pcf:accessibility	Accessibility	practitioner	3
frontend-developer	Frontend developer	Senior frontend developer	7	pcf:communicating-information	Communicating information	practitioner	3
frontend-developer	Frontend developer	Senior frontend developer	7	pcf:community-collaboration	Community collaboration	practitioner	3
frontend-developer	Frontend developer	Senior frontend developer	7	pcf:leadership-and-guidance-frontend-developer	Leadership and guidance (frontend developer)	practitioner	3
frontend-developer	Frontend developer	Senior frontend developer	7	pcf:modern-development-standards	Modern development standards	practitioner	3
frontend-developer	Frontend developer	Senior frontend developer	7	pcf:programming-and-build-frontend-developer	Programming and build (frontend developer)	practitioner	3
frontend-developer	Frontend developer	Senior frontend developer	7	pcf:prototyping	Prototyping	practitioner	3
frontend-developer	Frontend developer	Senior frontend developer	7	pcf:strategic-thinking	Strategic thinking	practitioner	3
frontend-developer	Frontend developer	Senior frontend developer	7	pcf:systems-design-frontend-developer	Systems design (frontend developer)	practitioner	3
frontend-developer	Frontend developer	Senior frontend developer	7	pcf:systems-integration-frontend-developer	Systems integration (frontend developer)	practitioner	3
frontend-developer	Frontend developer	Senior frontend developer	7	pcf:user-focus-frontend-developer	User focus (frontend developer)	practitioner	3
frontend-developer	Frontend developer	Senior frontend developer	7	pcf:web-performance-optimisation	Web performance optimisation	practitioner	3
frontend-developer	Frontend developer	Senior frontend developer	7	health-care-context	Understanding health and care services	working	2
frontend-developer	Frontend developer	Senior frontend developer	7	clinical-safety	Clinical risk management	working	2
frontend-developer	Frontend developer	Senior frontend developer	7	information-governance	Information governance and data protection	working	2
frontend-developer	Frontend developer	Senior frontend developer	7	health-data-interoperability	Health data interoperability	working	2
frontend-developer	Frontend developer	Senior frontend developer	7	equality-diversity-inclusion	Equality, diversity, and inclusion	working	2
frontend-developer	Frontend developer	Senior frontend developer	7	medical-device-regulation	Medical device software regulation	awareness	1
frontend-developer	Frontend developer	Lead frontend developer	8b	pcf:accessibility	Accessibility	expert	4
frontend-developer	Frontend developer	Lead frontend developer	8b	pcf:communicating-information	Communicating information	expert	4
frontend-developer	Frontend developer	Lead frontend developer	8b	pcf:community-collaboration	Community collaboration	practitioner	3
frontend-developer	Frontend developer	Lead frontend developer	8b	pcf:leadership-and-guidance-frontend-developer	Leadership and guidance (frontend developer)	expert	4
frontend-developer	Frontend developer	Lead frontend developer	8b	pcf:modern-development-standards	Modern development standards	expert	4
frontend-developer	Frontend developer	Lead frontend developer	8b	pcf:programming-and-build-frontend-developer	Programming and build (frontend developer)	expert	4
frontend-developer	Frontend developer	Lead frontend developer	8b	pcf:prototyping	Prototyping	practitioner	3
frontend-developer	Frontend developer	Lead frontend developer	8b	pcf:strategic-thinking	Strategic thinking	expert	4
frontend-developer	Frontend developer	Lead frontend developer	8b	pcf:systems-design-frontend-developer	Systems design (frontend developer)	practitioner	3
frontend-developer	Frontend developer	Lead frontend developer	8b	pcf:systems-integration-frontend-developer	Systems integration (frontend developer)	practitioner	3
frontend-developer	Frontend developer	Lead frontend developer	8b	pcf:user-focus-frontend-developer	User focus (frontend developer)	practitioner	3
frontend-developer	Frontend developer	Lead frontend developer	8b	pcf:web-performance-optimisation	Web performance optimisation	practitioner	3
frontend-developer	Frontend developer	Lead frontend developer	8b	health-care-context	Understanding health and care services	practitioner	3
frontend-developer	Frontend developer	Lead frontend developer	8b	clinical-safety	Clinical risk management	practitioner	3
frontend-developer	Frontend developer	Lead frontend developer	8b	information-governance	Information governance and data protection	practitioner	3
frontend-developer	Frontend developer	Lead frontend developer	8b	health-data-interoperability	Health data interoperability	working	2
frontend-developer	Frontend developer	Lead frontend developer	8b	equality-diversity-inclusion	Equality, diversity, and inclusion	practitioner	3
frontend-developer	Frontend developer	Lead frontend developer	8b	medical-device-regulation	Medical device software regulation	working	2
frontend-developer	Frontend developer	Lead frontend developer	8b	people-management	People management	practitioner	3
frontend-developer	Frontend developer	Head of frontend development	8c	pcf:accessibility	Accessibility	expert	4
frontend-developer	Frontend developer	Head of frontend development	8c	pcf:communicating-information	Communicating information	expert	4
frontend-developer	Frontend developer	Head of frontend development	8c	pcf:community-collaboration	Community collaboration	expert	4
frontend-developer	Frontend developer	Head of frontend development	8c	pcf:leadership-and-guidance-frontend-developer	Leadership and guidance (frontend developer)	expert	4
frontend-developer	Frontend developer	Head of frontend development	8c	pcf:modern-development-standards	Modern development standards	expert	4
frontend-developer	Frontend developer	Head of frontend development	8c	pcf:programming-and-build-frontend-developer	Programming and build (frontend developer)	expert	4
frontend-developer	Frontend developer	Head of frontend development	8c	pcf:prototyping	Prototyping	expert	4
frontend-developer	Frontend developer	Head of frontend development	8c	pcf:strategic-thinking	Strategic thinking	expert	4
frontend-developer	Frontend developer	Head of frontend development	8c	pcf:systems-design-frontend-developer	Systems design (frontend developer)	expert	4
frontend-developer	Frontend developer	Head of frontend development	8c	pcf:systems-integration-frontend-developer	Systems integration (frontend developer)	practitioner	3
frontend-developer	Frontend developer	Head of frontend development	8c	pcf:user-focus-frontend-developer	User focus (frontend developer)	practitioner	3
frontend-developer	Frontend developer	Head of frontend development	8c	pcf:web-performance-optimisation	Web performance optimisation	expert	4
frontend-developer	Frontend developer	Head of frontend development	8c	health-care-context	Understanding health and care services	practitioner	3
frontend-developer	Frontend developer	Head of frontend development	8c	clinical-safety	Clinical risk management	practitioner	3
frontend-developer	Frontend developer	Head of frontend development	8c	information-governance	Information governance and data protection	practitioner	3
frontend-developer	Frontend developer	Head of frontend development	8c	equality-diversity-inclusion	Equality, diversity, and inclusion	expert	4
frontend-developer	Frontend developer	Head of frontend development	8c	medical-device-regulation	Medical device software regulation	working	2
frontend-developer	Frontend developer	Head of frontend development	8c	people-management	People management	expert	4
frontend-developer	Frontend developer	Head of frontend development	8c	budget-management	Budget management	working	2
governance-and-risk-manager	Governance and risk manager	Governance officer	5	governance-and-compliance	Corporate governance and compliance	working	2
governance-and-risk-manager	Governance and risk manager	Governance officer	5	risk-management	Organisational risk management	working	2
governance-and-risk-manager	Governance and risk manager	Governance officer	5	corp-minute-taking	Minute-taking and meeting records	practitioner	3
governance-and-risk-manager	Governance and risk manager	Governance officer	5	corp-policy-management	Policy management	working	2
governance-and-risk-manager	Governance and risk manager	Governance officer	5	corp-assurance-and-audit	Assurance and audit liaison	working	2
governance-and-risk-manager	Governance and risk manager	Governance officer	5	corp-office-software	Digital office tools	practitioner	3
governance-and-risk-manager	Governance and risk manager	Governance officer	5	information-governance	Information governance and data protection	working	2
governance-and-risk-manager	Governance and risk manager	Senior governance and risk officer	6	governance-and-compliance	Corporate governance and compliance	practitioner	3
governance-and-risk-manager	Governance and risk manager	Senior governance and risk officer	6	risk-management	Organisational risk management	practitioner	3
governance-and-risk-manager	Governance and risk manager	Senior governance and risk officer	6	corp-minute-taking	Minute-taking and meeting records	practitioner	3
governance-and-risk-manager	Governance and risk manager	Senior governance and risk officer	6	corp-policy-management	Policy management	practitioner	3
governance-and-risk-manager	Governance and risk manager	Senior governance and risk officer	6	corp-assurance-and-audit	Assurance and audit liaison	working	2
governance-and-risk-manager	Governance and risk manager	Senior governance and risk officer	6	equality-diversity-inclusion	Equality, diversity, and inclusion	working	2
governance-and-risk-manager	Governance and risk manager	Senior governance and risk officer	6	pcf:communicating-information	Communicating information	practitioner	3
governance-and-risk-manager	Governance and risk manager	Governance and risk manager	7	governance-and-compliance	Corporate governance and compliance	practitioner	3
governance-and-risk-manager	Governance and risk manager	Governance and risk manager	7	risk-management	Organisational risk management	practitioner	3
governance-and-risk-manager	Governance and risk manager	Governance and risk manager	7	corp-assurance-and-audit	Assurance and audit liaison	practitioner	3
governance-and-risk-manager	Governance and risk manager	Governance and risk manager	7	corp-policy-management	Policy management	practitioner	3
governance-and-risk-manager	Governance and risk manager	Governance and risk manager	7	clinical-safety	Clinical risk management	awareness	1
governance-and-risk-manager	Governance and risk manager	Governance and risk manager	7	people-management	People management	practitioner	3
governance-and-risk-manager	Governance and risk manager	Governance and risk manager	7	pcf:stakeholder-relationship-management	Stakeholder relationship management	practitioner	3
governance-and-risk-manager	Governance and risk manager	Governance and risk manager	7	pcf:enabling-and-informing-risk-based-decisions	Enabling and informing risk-based decisions	practitioner	3
governance-and-risk-manager	Governance and risk manager	Head of corporate governance	8b	governance-and-compliance	Corporate governance and compliance	expert	4
governance-and-risk-manager	Governance and risk manager	Head of corporate governance	8b	risk-management	Organisational risk management	expert	4
governance-and-risk-manager	Governance and risk manager	Head of corporate governance	8b	corp-assurance-and-audit	Assurance and audit liaison	expert	4
governance-and-risk-manager	Governance and risk manager	Head of corporate governance	8b	corp-policy-management	Policy management	expert	4
governance-and-risk-manager	Governance and risk manager	Head of corporate governance	8b	people-management	People management	practitioner	3
governance-and-risk-manager	Governance and risk manager	Head of corporate governance	8b	budget-management	Budget management	working	2
governance-and-risk-manager	Governance and risk manager	Head of corporate governance	8b	pcf:enabling-and-informing-risk-based-decisions	Enabling and informing risk-based decisions	expert	4
governance-and-risk-manager	Governance and risk manager	Head of corporate governance	8b	pcf:leadership-and-guidance	Leadership and guidance	practitioner	3
head-of-finance	Head of finance	Financial controller	8c	fin-financial-reporting	Financial reporting and statutory accounts	expert	4
head-of-finance	Head of finance	Financial controller	8c	fin-financial-planning-and-forecasting	Financial planning and forecasting	practitioner	3
head-of-finance	Head of finance	Financial controller	8c	fin-audit-and-controls	Financial controls and audit	expert	4
head-of-finance	Head of finance	Financial controller	8c	fin-public-sector-finance	Public sector finance	expert	4
head-of-finance	Head of finance	Financial controller	8c	pcf:financial-management	Financial management	expert	4
head-of-finance	Head of finance	Financial controller	8c	pcf:financial-management-for-digital-data-and-technology	Financial management for digital, data and technology	practitioner	3
head-of-finance	Head of finance	Financial controller	8c	pcf:leadership-and-guidance	Leadership and guidance	practitioner	3
head-of-finance	Head of finance	Financial controller	8c	people-management	People management	practitioner	3
head-of-finance	Head of finance	Financial controller	8c	governance-and-compliance	Corporate governance and compliance	practitioner	3
head-of-finance	Head of finance	Financial controller	8c	risk-management	Organisational risk management	practitioner	3
head-of-finance	Head of finance	Deputy director of finance	8d	fin-financial-planning-and-forecasting	Financial planning and forecasting	expert	4
head-of-finance	Head of finance	Deputy director of finance	8d	fin-business-cases	Business cases and investment appraisal	expert	4
head-of-finance	Head of finance	Deputy director of finance	8d	fin-audit-and-controls	Financial controls and audit	expert	4
head-of-finance	Head of finance	Deputy director of finance	8d	fin-public-sector-finance	Public sector finance	expert	4
head-of-finance	Head of finance	Deputy director of finance	8d	pcf:financial-management	Financial management	expert	4
head-of-finance	Head of finance	Deputy director of finance	8d	pcf:financial-management-for-digital-data-and-technology	Financial management for digital, data and technology	practitioner	3
head-of-finance	Head of finance	Deputy director of finance	8d	pcf:creating-value-for-money	Creating value for money	expert	4
head-of-finance	Head of finance	Deputy director of finance	8d	pcf:stakeholder-relationship-management	Stakeholder relationship management	expert	4
head-of-finance	Head of finance	Deputy director of finance	8d	pcf:leadership-and-guidance	Leadership and guidance	expert	4
head-of-finance	Head of finance	Deputy director of finance	8d	people-management	People management	expert	4
head-of-finance	Head of finance	Director of finance	9	fin-financial-planning-and-forecasting	Financial planning and forecasting	expert	4
head-of-finance	Head of finance	Director of finance	9	fin-business-cases	Business cases and investment appraisal	expert	4
head-of-finance	Head of finance	Director of finance	9	fin-public-sector-finance	Public sector finance	expert	4
head-of-finance	Head of finance	Director of finance	9	pcf:financial-management	Financial management	expert	4
head-of-finance	Head of finance	Director of finance	9	pcf:financial-management-for-digital-data-and-technology	Financial management for digital, data and technology	expert	4
head-of-finance	Head of finance	Director of finance	9	pcf:creating-value-for-money	Creating value for money	expert	4
head-of-finance	Head of finance	Director of finance	9	pcf:commercial-management	Commercial management	practitioner	3
head-of-finance	Head of finance	Director of finance	9	pcf:stakeholder-relationship-management	Stakeholder relationship management	expert	4
head-of-finance	Head of finance	Director of finance	9	pcf:leadership-and-guidance	Leadership and guidance	expert	4
head-of-finance	Head of finance	Director of finance	9	governance-and-compliance	Corporate governance and compliance	expert	4
head-of-legal	Head of legal services	Deputy head of legal services	8c	legal-legal-advice	Legal advice	expert	4
head-of-legal	Head of legal services	Deputy head of legal services	8c	legal-contract-drafting-and-review	Contract drafting and review	expert	4
head-of-legal	Head of legal services	Deputy head of legal services	8c	legal-information-and-data-law	Information and data law	expert	4
head-of-legal	Head of legal services	Deputy head of legal services	8c	legal-procurement-law	Public procurement law	practitioner	3
head-of-legal	Head of legal services	Deputy head of legal services	8c	legal-health-and-care-law	Health and care law	practitioner	3
head-of-legal	Head of legal services	Deputy head of legal services	8c	legal-legal-administration	Legal administration	practitioner	3
head-of-legal	Head of legal services	Deputy head of legal services	8c	pcf:stakeholder-relationship-management	Stakeholder relationship management	expert	4
head-of-legal	Head of legal services	Deputy head of legal services	8c	pcf:leadership-and-guidance	Leadership and guidance	practitioner	3
head-of-legal	Head of legal services	Deputy head of legal services	8c	people-management	People management	practitioner	3
head-of-legal	Head of legal services	Deputy head of legal services	8c	budget-management	Budget management	working	2
head-of-legal	Head of legal services	Head of legal services	8d	legal-legal-advice	Legal advice	expert	4
head-of-legal	Head of legal services	Head of legal services	8d	legal-information-and-data-law	Information and data law	expert	4
head-of-legal	Head of legal services	Head of legal services	8d	legal-health-and-care-law	Health and care law	expert	4
head-of-legal	Head of legal services	Head of legal services	8d	legal-litigation-and-disputes	Litigation and dispute resolution	expert	4
head-of-legal	Head of legal services	Head of legal services	8d	legal-legal-administration	Legal administration	expert	4
head-of-legal	Head of legal services	Head of legal services	8d	pcf:stakeholder-relationship-management	Stakeholder relationship management	expert	4
head-of-legal	Head of legal services	Head of legal services	8d	pcf:leadership-and-guidance	Leadership and guidance	expert	4
head-of-legal	Head of legal services	Head of legal services	8d	people-management	People management	expert	4
head-of-legal	Head of legal services	Head of legal services	8d	budget-management	Budget management	practitioner	3
head-of-legal	Head of legal services	Head of legal services	8d	governance-and-compliance	Corporate governance and compliance	practitioner	3
head-of-legal	Head of legal services	General counsel	9	legal-legal-advice	Legal advice	expert	4
head-of-legal	Head of legal services	General counsel	9	legal-health-and-care-law	Health and care law	expert	4
head-of-legal	Head of legal services	General counsel	9	legal-information-and-data-law	Information and data law	expert	4
head-of-legal	Head of legal services	General counsel	9	pcf:stakeholder-relationship-management	Stakeholder relationship management	expert	4
head-of-legal	Head of legal services	General counsel	9	pcf:leadership-and-guidance	Leadership and guidance	expert	4
head-of-legal	Head of legal services	General counsel	9	people-management	People management	expert	4
head-of-legal	Head of legal services	General counsel	9	governance-and-compliance	Corporate governance and compliance	expert	4
head-of-legal	Head of legal services	General counsel	9	risk-management	Organisational risk management	expert	4
head-of-legal	Head of legal services	General counsel	9	budget-management	Budget management	practitioner	3
head-of-people	Head of people	Head of HR	8c	hr-people-strategy	People strategy and HR leadership	practitioner	3
head-of-people	Head of people	Head of HR	8c	hr-employment-policy	Employment law and people policy	expert	4
head-of-people	Head of people	Head of HR	8c	hr-employee-relations	Employee relations casework	expert	4
head-of-people	Head of people	Head of HR	8c	hr-organisational-change	Organisational change and consultation	expert	4
head-of-people	Head of people	Head of HR	8c	hr-workforce-information	Workforce information and HR systems	practitioner	3
head-of-people	Head of people	Head of HR	8c	hr-reward-and-job-evaluation	Reward and job evaluation	practitioner	3
head-of-people	Head of people	Head of HR	8c	pcf:leadership-and-guidance	Leadership and guidance	practitioner	3
head-of-people	Head of people	Head of HR	8c	people-management	People management	expert	4
head-of-people	Head of people	Head of HR	8c	budget-management	Budget management	practitioner	3
head-of-people	Head of people	Head of HR	8c	risk-management	Organisational risk management	practitioner	3
head-of-people	Head of people	Deputy director of people	8d	hr-people-strategy	People strategy and HR leadership	expert	4
head-of-people	Head of people	Deputy director of people	8d	hr-workforce-planning	Workforce planning	expert	4
head-of-people	Head of people	Deputy director of people	8d	hr-organisational-development	Organisational development	expert	4
head-of-people	Head of people	Deputy director of people	8d	hr-reward-and-job-evaluation	Reward and job evaluation	expert	4
head-of-people	Head of people	Deputy director of people	8d	hr-skills-frameworks-and-career-pathways	Skills frameworks and career pathways	practitioner	3
head-of-people	Head of people	Deputy director of people	8d	pcf:capability-building-for-digital-data-and-technology	Capability building for digital, data and technology	practitioner	3
head-of-people	Head of people	Deputy director of people	8d	pcf:leadership-and-guidance	Leadership and guidance	expert	4
head-of-people	Head of people	Deputy director of people	8d	people-management	People management	expert	4
head-of-people	Head of people	Deputy director of people	8d	budget-management	Budget management	expert	4
head-of-people	Head of people	Deputy director of people	8d	equality-diversity-inclusion	Equality, diversity, and inclusion	expert	4
head-of-people	Head of people	Director of people	9	hr-people-strategy	People strategy and HR leadership	expert	4
head-of-people	Head of people	Director of people	9	hr-workforce-planning	Workforce planning	expert	4
head-of-people	Head of people	Director of people	9	hr-organisational-development	Organisational development	expert	4
head-of-people	Head of people	Director of people	9	hr-employment-policy	Employment law and people policy	expert	4
head-of-people	Head of people	Director of people	9	pcf:leadership-and-guidance	Leadership and guidance	expert	4
head-of-people	Head of people	Director of people	9	pcf:stakeholder-relationship-management	Stakeholder relationship management	expert	4
head-of-people	Head of people	Director of people	9	people-management	People management	expert	4
head-of-people	Head of people	Director of people	9	budget-management	Budget management	expert	4
head-of-people	Head of people	Director of people	9	governance-and-compliance	Corporate governance and compliance	practitioner	3
head-of-people	Head of people	Director of people	9	health-care-context	Understanding health and care services	expert	4
head-of-procurement	Head of procurement	Head of procurement	8b	proc-procurement-process	Procurement process	expert	4
head-of-procurement	Head of procurement	Head of procurement	8b	proc-procurement-law-and-policy	Public procurement rules and policy	expert	4
head-of-procurement	Head of procurement	Head of procurement	8b	proc-tender-evaluation	Tender evaluation	expert	4
head-of-procurement	Head of procurement	Head of procurement	8b	proc-category-management	Category management	practitioner	3
head-of-procurement	Head of procurement	Head of procurement	8b	proc-social-value	Social value and sustainable procurement	practitioner	3
head-of-procurement	Head of procurement	Head of procurement	8b	pcf:commercial-management	Commercial management	practitioner	3
head-of-procurement	Head of procurement	Head of procurement	8b	pcf:creating-value-for-money	Creating value for money	expert	4
head-of-procurement	Head of procurement	Head of procurement	8b	pcf:leadership-and-guidance	Leadership and guidance	practitioner	3
head-of-procurement	Head of procurement	Head of procurement	8b	people-management	People management	practitioner	3
head-of-procurement	Head of procurement	Head of procurement	8b	budget-management	Budget management	practitioner	3
head-of-procurement	Head of procurement	Head of commercial	8c	pcf:commercial-management	Commercial management	expert	4
head-of-procurement	Head of procurement	Head of commercial	8c	pcf:creating-value-for-money	Creating value for money	expert	4
head-of-procurement	Head of procurement	Head of commercial	8c	proc-category-management	Category management	expert	4
head-of-procurement	Head of procurement	Head of commercial	8c	proc-contract-management	Contract management	expert	4
head-of-procurement	Head of procurement	Head of commercial	8c	proc-supplier-relationship-management	Supplier relationship management	expert	4
head-of-procurement	Head of procurement	Head of commercial	8c	proc-technology-procurement	Technology and cloud procurement	expert	4
head-of-procurement	Head of procurement	Head of commercial	8c	proc-negotiation	Commercial negotiation	expert	4
head-of-procurement	Head of procurement	Head of commercial	8c	pcf:leadership-and-guidance	Leadership and guidance	expert	4
head-of-procurement	Head of procurement	Head of commercial	8c	people-management	People management	expert	4
head-of-procurement	Head of procurement	Head of commercial	8c	risk-management	Organisational risk management	practitioner	3
head-of-procurement	Head of procurement	Director of procurement and commercial	8d	pcf:commercial-management	Commercial management	expert	4
head-of-procurement	Head of procurement	Director of procurement and commercial	8d	pcf:creating-value-for-money	Creating value for money	expert	4
head-of-procurement	Head of procurement	Director of procurement and commercial	8d	proc-procurement-law-and-policy	Public procurement rules and policy	expert	4
head-of-procurement	Head of procurement	Director of procurement and commercial	8d	proc-supplier-relationship-management	Supplier relationship management	expert	4
head-of-procurement	Head of procurement	Director of procurement and commercial	8d	proc-social-value	Social value and sustainable procurement	expert	4
head-of-procurement	Head of procurement	Director of procurement and commercial	8d	pcf:leadership-and-guidance	Leadership and guidance	expert	4
head-of-procurement	Head of procurement	Director of procurement and commercial	8d	pcf:financial-management	Financial management	practitioner	3
head-of-procurement	Head of procurement	Director of procurement and commercial	8d	people-management	People management	expert	4
head-of-procurement	Head of procurement	Director of procurement and commercial	8d	governance-and-compliance	Corporate governance and compliance	practitioner	3
head-of-procurement	Head of procurement	Director of procurement and commercial	8d	risk-management	Organisational risk management	expert	4
hr-business-partner	Human resources business partner	HR business partner	7	hr-organisational-change	Organisational change and consultation	practitioner	3
hr-business-partner	Human resources business partner	HR business partner	7	hr-workforce-planning	Workforce planning	practitioner	3
hr-business-partner	Human resources business partner	HR business partner	7	hr-employee-relations	Employee relations casework	practitioner	3
hr-business-partner	Human resources business partner	HR business partner	7	hr-employment-policy	Employment law and people policy	practitioner	3
hr-business-partner	Human resources business partner	HR business partner	7	hr-skills-frameworks-and-career-pathways	Skills frameworks and career pathways	practitioner	3
hr-business-partner	Human resources business partner	HR business partner	7	hr-reward-and-job-evaluation	Reward and job evaluation	practitioner	3
hr-business-partner	Human resources business partner	HR business partner	7	hr-people-strategy	People strategy and HR leadership	working	2
hr-business-partner	Human resources business partner	HR business partner	7	pcf:stakeholder-relationship-management	Stakeholder relationship management	practitioner	3
hr-business-partner	Human resources business partner	HR business partner	7	people-management	People management	practitioner	3
hr-business-partner	Human resources business partner	HR business partner	7	health-care-context	Understanding health and care services	working	2
hr-business-partner	Human resources business partner	Senior HR business partner	8a	hr-organisational-change	Organisational change and consultation	expert	4
hr-business-partner	Human resources business partner	Senior HR business partner	8a	hr-workforce-planning	Workforce planning	practitioner	3
hr-business-partner	Human resources business partner	Senior HR business partner	8a	hr-employee-relations	Employee relations casework	expert	4
hr-business-partner	Human resources business partner	Senior HR business partner	8a	hr-employment-policy	Employment law and people policy	practitioner	3
hr-business-partner	Human resources business partner	Senior HR business partner	8a	hr-organisational-development	Organisational development	practitioner	3
hr-business-partner	Human resources business partner	Senior HR business partner	8a	hr-skills-frameworks-and-career-pathways	Skills frameworks and career pathways	practitioner	3
hr-business-partner	Human resources business partner	Senior HR business partner	8a	hr-people-strategy	People strategy and HR leadership	practitioner	3
hr-business-partner	Human resources business partner	Senior HR business partner	8a	pcf:stakeholder-relationship-management	Stakeholder relationship management	practitioner	3
hr-business-partner	Human resources business partner	Senior HR business partner	8a	people-management	People management	practitioner	3
hr-business-partner	Human resources business partner	Senior HR business partner	8a	health-care-context	Understanding health and care services	practitioner	3
hr-business-partner	Human resources business partner	Head of HR business partnering	8b	hr-people-strategy	People strategy and HR leadership	practitioner	3
hr-business-partner	Human resources business partner	Head of HR business partnering	8b	hr-organisational-change	Organisational change and consultation	expert	4
hr-business-partner	Human resources business partner	Head of HR business partnering	8b	hr-workforce-planning	Workforce planning	expert	4
hr-business-partner	Human resources business partner	Head of HR business partnering	8b	hr-employee-relations	Employee relations casework	expert	4
hr-business-partner	Human resources business partner	Head of HR business partnering	8b	hr-employment-policy	Employment law and people policy	expert	4
hr-business-partner	Human resources business partner	Head of HR business partnering	8b	hr-organisational-development	Organisational development	practitioner	3
hr-business-partner	Human resources business partner	Head of HR business partnering	8b	pcf:leadership-and-guidance	Leadership and guidance	practitioner	3
hr-business-partner	Human resources business partner	Head of HR business partnering	8b	people-management	People management	expert	4
hr-business-partner	Human resources business partner	Head of HR business partnering	8b	budget-management	Budget management	practitioner	3
hr-business-partner	Human resources business partner	Head of HR business partnering	8b	risk-management	Organisational risk management	practitioner	3
hr-officer	Human resources officer	HR assistant	3	hr-hr-administration	HR administration	working	2
hr-officer	Human resources officer	HR assistant	3	hr-employment-policy	Employment law and people policy	awareness	1
hr-officer	Human resources officer	HR assistant	3	hr-employee-relations	Employee relations casework	awareness	1
hr-officer	Human resources officer	HR assistant	3	hr-workforce-information	Workforce information and HR systems	awareness	1
hr-officer	Human resources officer	HR assistant	3	information-governance	Information governance and data protection	working	2
hr-officer	Human resources officer	HR assistant	3	pcf:communicating-information	Communicating information	awareness	1
hr-officer	Human resources officer	HR assistant	3	equality-diversity-inclusion	Equality, diversity, and inclusion	awareness	1
hr-officer	Human resources officer	HR officer	4	hr-hr-administration	HR administration	practitioner	3
hr-officer	Human resources officer	HR officer	4	hr-employment-policy	Employment law and people policy	working	2
hr-officer	Human resources officer	HR officer	4	hr-employee-relations	Employee relations casework	working	2
hr-officer	Human resources officer	HR officer	4	hr-workforce-information	Workforce information and HR systems	working	2
hr-officer	Human resources officer	HR officer	4	hr-reward-and-job-evaluation	Reward and job evaluation	awareness	1
hr-officer	Human resources officer	HR officer	4	information-governance	Information governance and data protection	working	2
hr-officer	Human resources officer	HR officer	4	pcf:communicating-information	Communicating information	working	2
hr-officer	Human resources officer	HR officer	4	equality-diversity-inclusion	Equality, diversity, and inclusion	working	2
hr-officer	Human resources officer	HR adviser	5	hr-employee-relations	Employee relations casework	practitioner	3
hr-officer	Human resources officer	HR adviser	5	hr-employment-policy	Employment law and people policy	practitioner	3
hr-officer	Human resources officer	HR adviser	5	hr-organisational-change	Organisational change and consultation	working	2
hr-officer	Human resources officer	HR adviser	5	hr-hr-administration	HR administration	working	2
hr-officer	Human resources officer	HR adviser	5	hr-workforce-information	Workforce information and HR systems	working	2
hr-officer	Human resources officer	HR adviser	5	hr-reward-and-job-evaluation	Reward and job evaluation	working	2
hr-officer	Human resources officer	HR adviser	5	pcf:stakeholder-relationship-management	Stakeholder relationship management	working	2
hr-officer	Human resources officer	HR adviser	5	equality-diversity-inclusion	Equality, diversity, and inclusion	working	2
hr-officer	Human resources officer	HR adviser	5	health-safety-wellbeing	Health, safety, and wellbeing	working	2
hr-officer	Human resources officer	HR adviser	5	health-care-context	Understanding health and care services	awareness	1
hr-officer	Human resources officer	Senior HR adviser	6	hr-employee-relations	Employee relations casework	practitioner	3
hr-officer	Human resources officer	Senior HR adviser	6	hr-employment-policy	Employment law and people policy	practitioner	3
hr-officer	Human resources officer	Senior HR adviser	6	hr-organisational-change	Organisational change and consultation	practitioner	3
hr-officer	Human resources officer	Senior HR adviser	6	hr-reward-and-job-evaluation	Reward and job evaluation	working	2
hr-officer	Human resources officer	Senior HR adviser	6	hr-workforce-information	Workforce information and HR systems	working	2
hr-officer	Human resources officer	Senior HR adviser	6	pcf:stakeholder-relationship-management	Stakeholder relationship management	practitioner	3
hr-officer	Human resources officer	Senior HR adviser	6	people-management	People management	working	2
hr-officer	Human resources officer	Senior HR adviser	6	equality-diversity-inclusion	Equality, diversity, and inclusion	practitioner	3
hr-officer	Human resources officer	Senior HR adviser	6	health-care-context	Understanding health and care services	working	2
incident-manager	Incident manager	Incident manager	5	pcf:asset-and-configuration-management	Asset and configuration management	awareness	1
incident-manager	Incident manager	Incident manager	5	pcf:availability-and-capacity-management	Availability and capacity management	awareness	1
incident-manager	Incident manager	Incident manager	5	pcf:change-management	Change management	awareness	1
incident-manager	Incident manager	Incident manager	5	pcf:community-collaboration	Community collaboration	working	2
incident-manager	Incident manager	Incident manager	5	pcf:continual-service-improvement	Continual service improvement	awareness	1
incident-manager	Incident manager	Incident manager	5	pcf:continuity-management	Continuity management	awareness	1
incident-manager	Incident manager	Incident manager	5	pcf:incident-management	Incident management	working	2
incident-manager	Incident manager	Incident manager	5	pcf:ownership-and-initiative	Ownership and initiative	working	2
incident-manager	Incident manager	Incident manager	5	pcf:problem-management	Problem management	working	2
incident-manager	Incident manager	Incident manager	5	pcf:service-focus	Service focus	working	2
incident-manager	Incident manager	Incident manager	5	pcf:service-management-framework-knowledge	Service management framework knowledge	awareness	1
incident-manager	Incident manager	Incident manager	5	pcf:technical-understanding	Technical understanding	awareness	1
incident-manager	Incident manager	Incident manager	5	pcf:user-focus	User focus	working	2
incident-manager	Incident manager	Incident manager	5	health-care-context	Understanding health and care services	working	2
incident-manager	Incident manager	Incident manager	5	information-governance	Information governance and data protection	working	2
incident-manager	Incident manager	Incident manager	5	clinical-safety	Clinical risk management	awareness	1
incident-manager	Incident manager	Incident manager	5	security-operations	Security operations	awareness	1
incident-manager	Incident manager	Major incident manager	7	pcf:asset-and-configuration-management	Asset and configuration management	awareness	1
incident-manager	Incident manager	Major incident manager	7	pcf:availability-and-capacity-management	Availability and capacity management	working	2
incident-manager	Incident manager	Major incident manager	7	pcf:change-management	Change management	working	2
incident-manager	Incident manager	Major incident manager	7	pcf:community-collaboration	Community collaboration	practitioner	3
incident-manager	Incident manager	Major incident manager	7	pcf:continual-service-improvement	Continual service improvement	working	2
incident-manager	Incident manager	Major incident manager	7	pcf:continuity-management	Continuity management	working	2
incident-manager	Incident manager	Major incident manager	7	pcf:incident-management	Incident management	practitioner	3
incident-manager	Incident manager	Major incident manager	7	pcf:ownership-and-initiative	Ownership and initiative	practitioner	3
incident-manager	Incident manager	Major incident manager	7	pcf:problem-management	Problem management	working	2
incident-manager	Incident manager	Major incident manager	7	pcf:service-focus	Service focus	practitioner	3
incident-manager	Incident manager	Major incident manager	7	pcf:service-management-framework-knowledge	Service management framework knowledge	awareness	1
incident-manager	Incident manager	Major incident manager	7	pcf:technical-understanding	Technical understanding	working	2
incident-manager	Incident manager	Major incident manager	7	pcf:user-focus	User focus	practitioner	3
incident-manager	Incident manager	Major incident manager	7	health-care-context	Understanding health and care services	practitioner	3
incident-manager	Incident manager	Major incident manager	7	information-governance	Information governance and data protection	working	2
incident-manager	Incident manager	Major incident manager	7	clinical-safety	Clinical risk management	working	2
incident-manager	Incident manager	Major incident manager	7	security-operations	Security operations	working	2
incident-manager	Incident manager	Major incident manager	7	risk-management	Organisational risk management	working	2
information-governance-officer	Information governance officer	Information governance officer	4	information-governance	Information governance and data protection	working	2
information-governance-officer	Information governance officer	Information governance officer	4	ig-information-rights-requests	Information rights requests	working	2
information-governance-officer	Information governance officer	Information governance officer	4	ig-incident-management	Information governance incident management	working	2
information-governance-officer	Information governance officer	Information governance officer	4	ig-compliance-assurance	Information governance assurance and audit	working	2
information-governance-officer	Information governance officer	Information governance officer	4	ig-confidentiality-and-sharing	Confidentiality and information sharing	working	2
information-governance-officer	Information governance officer	Information governance officer	4	health-records-management	Health records management	awareness	1
information-governance-officer	Information governance officer	Information governance officer	4	corp-office-software	Digital office tools	working	2
information-governance-officer	Information governance officer	Information governance officer	4	pcf:communicating-information	Communicating information	working	2
information-governance-officer	Information governance officer	Senior information governance officer	5	information-governance	Information governance and data protection	working	2
information-governance-officer	Information governance officer	Senior information governance officer	5	ig-information-rights-requests	Information rights requests	practitioner	3
information-governance-officer	Information governance officer	Senior information governance officer	5	ig-incident-management	Information governance incident management	working	2
information-governance-officer	Information governance officer	Senior information governance officer	5	ig-data-protection-impact-assessment	Data protection impact assessment	working	2
information-governance-officer	Information governance officer	Senior information governance officer	5	ig-confidentiality-and-sharing	Confidentiality and information sharing	working	2
information-governance-officer	Information governance officer	Senior information governance officer	5	ig-compliance-assurance	Information governance assurance and audit	working	2
information-governance-officer	Information governance officer	Senior information governance officer	5	pcf:data-ethics-and-privacy	Data ethics and privacy	working	2
information-governance-officer	Information governance officer	Senior information governance officer	5	pcf:communicating-information	Communicating information	working	2
information-governance-officer	Information governance officer	Information governance lead	6	information-governance	Information governance and data protection	practitioner	3
information-governance-officer	Information governance officer	Information governance lead	6	ig-data-protection-impact-assessment	Data protection impact assessment	practitioner	3
information-governance-officer	Information governance officer	Information governance lead	6	ig-information-rights-requests	Information rights requests	practitioner	3
information-governance-officer	Information governance officer	Information governance lead	6	ig-incident-management	Information governance incident management	practitioner	3
information-governance-officer	Information governance officer	Information governance lead	6	ig-confidentiality-and-sharing	Confidentiality and information sharing	practitioner	3
information-governance-officer	Information governance officer	Information governance lead	6	ig-compliance-assurance	Information governance assurance and audit	working	2
information-governance-officer	Information governance officer	Information governance lead	6	pcf:data-ethics-and-privacy	Data ethics and privacy	practitioner	3
information-governance-officer	Information governance officer	Information governance lead	6	pcf:stakeholder-relationship-management	Stakeholder relationship management	working	2
information-governance-officer	Information governance officer	Information governance manager	7	information-governance	Information governance and data protection	practitioner	3
information-governance-officer	Information governance officer	Information governance manager	7	ig-compliance-assurance	Information governance assurance and audit	practitioner	3
information-governance-officer	Information governance officer	Information governance manager	7	ig-data-protection-impact-assessment	Data protection impact assessment	practitioner	3
information-governance-officer	Information governance officer	Information governance manager	7	ig-incident-management	Information governance incident management	practitioner	3
information-governance-officer	Information governance officer	Information governance manager	7	ig-records-retention	Records retention and disposal	working	2
information-governance-officer	Information governance officer	Information governance manager	7	risk-management	Organisational risk management	working	2
information-governance-officer	Information governance officer	Information governance manager	7	people-management	People management	practitioner	3
information-governance-officer	Information governance officer	Information governance manager	7	pcf:data-ethics-and-privacy	Data ethics and privacy	practitioner	3
information-governance-officer	Information governance officer	Information governance manager	7	pcf:stakeholder-relationship-management	Stakeholder relationship management	practitioner	3
information-governance-officer	Information governance officer	Head of information governance	8a	information-governance	Information governance and data protection	expert	4
information-governance-officer	Information governance officer	Head of information governance	8a	ig-compliance-assurance	Information governance assurance and audit	expert	4
information-governance-officer	Information governance officer	Head of information governance	8a	ig-confidentiality-and-sharing	Confidentiality and information sharing	expert	4
information-governance-officer	Information governance officer	Head of information governance	8a	ig-data-protection-impact-assessment	Data protection impact assessment	practitioner	3
information-governance-officer	Information governance officer	Head of information governance	8a	health-records-management	Health records management	practitioner	3
information-governance-officer	Information governance officer	Head of information governance	8a	risk-management	Organisational risk management	practitioner	3
information-governance-officer	Information governance officer	Head of information governance	8a	people-management	People management	practitioner	3
information-governance-officer	Information governance officer	Head of information governance	8a	pcf:data-ethics-and-privacy	Data ethics and privacy	expert	4
information-governance-officer	Information governance officer	Head of information governance	8a	pcf:leadership-and-guidance	Leadership and guidance	practitioner	3
infrastructure-engineer	Infrastructure engineer	Associate infrastructure engineer	4	pcf:information-security	Information security	awareness	1
infrastructure-engineer	Infrastructure engineer	Associate infrastructure engineer	4	pcf:it-infrastructure	IT infrastructure	awareness	1
infrastructure-engineer	Infrastructure engineer	Associate infrastructure engineer	4	pcf:modern-development-standards	Modern development standards	awareness	1
infrastructure-engineer	Infrastructure engineer	Associate infrastructure engineer	4	pcf:ownership-and-initiative	Ownership and initiative	awareness	1
infrastructure-engineer	Infrastructure engineer	Associate infrastructure engineer	4	pcf:problem-management	Problem management	awareness	1
infrastructure-engineer	Infrastructure engineer	Associate infrastructure engineer	4	pcf:systems-design	Systems design	awareness	1
infrastructure-engineer	Infrastructure engineer	Associate infrastructure engineer	4	pcf:systems-integration	Systems integration	awareness	1
infrastructure-engineer	Infrastructure engineer	Associate infrastructure engineer	4	pcf:technical-understanding	Technical understanding	awareness	1
infrastructure-engineer	Infrastructure engineer	Associate infrastructure engineer	4	pcf:troubleshooting-and-problem-resolution	Troubleshooting and problem resolution	awareness	1
infrastructure-engineer	Infrastructure engineer	Associate infrastructure engineer	4	health-care-context	Understanding health and care services	awareness	1
infrastructure-engineer	Infrastructure engineer	Associate infrastructure engineer	4	information-governance	Information governance and data protection	awareness	1
infrastructure-engineer	Infrastructure engineer	Associate infrastructure engineer	4	security-operations	Security operations	awareness	1
infrastructure-engineer	Infrastructure engineer	Associate infrastructure engineer	4	vulnerability-management	Vulnerability management	awareness	1
infrastructure-engineer	Infrastructure engineer	Infrastructure engineer	6	pcf:coding-and-scripting	Coding and scripting	awareness	1
infrastructure-engineer	Infrastructure engineer	Infrastructure engineer	6	pcf:information-security	Information security	awareness	1
infrastructure-engineer	Infrastructure engineer	Infrastructure engineer	6	pcf:it-infrastructure	IT infrastructure	working	2
infrastructure-engineer	Infrastructure engineer	Infrastructure engineer	6	pcf:modern-development-standards	Modern development standards	working	2
infrastructure-engineer	Infrastructure engineer	Infrastructure engineer	6	pcf:ownership-and-initiative	Ownership and initiative	working	2
infrastructure-engineer	Infrastructure engineer	Infrastructure engineer	6	pcf:problem-management	Problem management	awareness	1
infrastructure-engineer	Infrastructure engineer	Infrastructure engineer	6	pcf:service-focus	Service focus	working	2
infrastructure-engineer	Infrastructure engineer	Infrastructure engineer	6	pcf:systems-design	Systems design	working	2
infrastructure-engineer	Infrastructure engineer	Infrastructure engineer	6	pcf:systems-integration	Systems integration	working	2
infrastructure-engineer	Infrastructure engineer	Infrastructure engineer	6	pcf:technical-understanding	Technical understanding	working	2
infrastructure-engineer	Infrastructure engineer	Infrastructure engineer	6	pcf:testing	Testing	awareness	1
infrastructure-engineer	Infrastructure engineer	Infrastructure engineer	6	pcf:troubleshooting-and-problem-resolution	Troubleshooting and problem resolution	working	2
infrastructure-engineer	Infrastructure engineer	Infrastructure engineer	6	health-care-context	Understanding health and care services	working	2
infrastructure-engineer	Infrastructure engineer	Infrastructure engineer	6	information-governance	Information governance and data protection	working	2
infrastructure-engineer	Infrastructure engineer	Infrastructure engineer	6	security-operations	Security operations	awareness	1
infrastructure-engineer	Infrastructure engineer	Infrastructure engineer	6	vulnerability-management	Vulnerability management	working	2
infrastructure-engineer	Infrastructure engineer	Infrastructure engineer	6	clinical-safety	Clinical risk management	awareness	1
infrastructure-engineer	Infrastructure engineer	Senior infrastructure engineer	7	pcf:coding-and-scripting	Coding and scripting	awareness	1
infrastructure-engineer	Infrastructure engineer	Senior infrastructure engineer	7	pcf:information-security	Information security	working	2
infrastructure-engineer	Infrastructure engineer	Senior infrastructure engineer	7	pcf:it-infrastructure	IT infrastructure	practitioner	3
infrastructure-engineer	Infrastructure engineer	Senior infrastructure engineer	7	pcf:modern-development-standards	Modern development standards	practitioner	3
infrastructure-engineer	Infrastructure engineer	Senior infrastructure engineer	7	pcf:ownership-and-initiative	Ownership and initiative	working	2
infrastructure-engineer	Infrastructure engineer	Senior infrastructure engineer	7	pcf:problem-management	Problem management	working	2
infrastructure-engineer	Infrastructure engineer	Senior infrastructure engineer	7	pcf:service-focus	Service focus	working	2
infrastructure-engineer	Infrastructure engineer	Senior infrastructure engineer	7	pcf:systems-design	Systems design	practitioner	3
infrastructure-engineer	Infrastructure engineer	Senior infrastructure engineer	7	pcf:systems-integration	Systems integration	practitioner	3
infrastructure-engineer	Infrastructure engineer	Senior infrastructure engineer	7	pcf:technical-understanding	Technical understanding	practitioner	3
infrastructure-engineer	Infrastructure engineer	Senior infrastructure engineer	7	pcf:testing	Testing	working	2
infrastructure-engineer	Infrastructure engineer	Senior infrastructure engineer	7	pcf:troubleshooting-and-problem-resolution	Troubleshooting and problem resolution	practitioner	3
infrastructure-engineer	Infrastructure engineer	Senior infrastructure engineer	7	health-care-context	Understanding health and care services	working	2
infrastructure-engineer	Infrastructure engineer	Senior infrastructure engineer	7	information-governance	Information governance and data protection	working	2
infrastructure-engineer	Infrastructure engineer	Senior infrastructure engineer	7	security-operations	Security operations	working	2
infrastructure-engineer	Infrastructure engineer	Senior infrastructure engineer	7	vulnerability-management	Vulnerability management	practitioner	3
infrastructure-engineer	Infrastructure engineer	Senior infrastructure engineer	7	clinical-safety	Clinical risk management	working	2
infrastructure-engineer	Infrastructure engineer	Senior infrastructure engineer	7	risk-management	Organisational risk management	working	2
infrastructure-engineer	Infrastructure engineer	Lead infrastructure engineer	8a	pcf:coding-and-scripting	Coding and scripting	working	2
infrastructure-engineer	Infrastructure engineer	Lead infrastructure engineer	8a	pcf:information-security	Information security	practitioner	3
infrastructure-engineer	Infrastructure engineer	Lead infrastructure engineer	8a	pcf:it-infrastructure	IT infrastructure	expert	4
infrastructure-engineer	Infrastructure engineer	Lead infrastructure engineer	8a	pcf:modern-development-standards	Modern development standards	expert	4
infrastructure-engineer	Infrastructure engineer	Lead infrastructure engineer	8a	pcf:ownership-and-initiative	Ownership and initiative	practitioner	3
infrastructure-engineer	Infrastructure engineer	Lead infrastructure engineer	8a	pcf:problem-management	Problem management	working	2
infrastructure-engineer	Infrastructure engineer	Lead infrastructure engineer	8a	pcf:service-focus	Service focus	working	2
infrastructure-engineer	Infrastructure engineer	Lead infrastructure engineer	8a	pcf:systems-design	Systems design	practitioner	3
infrastructure-engineer	Infrastructure engineer	Lead infrastructure engineer	8a	pcf:systems-integration	Systems integration	expert	4
infrastructure-engineer	Infrastructure engineer	Lead infrastructure engineer	8a	pcf:technical-understanding	Technical understanding	expert	4
infrastructure-engineer	Infrastructure engineer	Lead infrastructure engineer	8a	pcf:testing	Testing	practitioner	3
infrastructure-engineer	Infrastructure engineer	Lead infrastructure engineer	8a	pcf:troubleshooting-and-problem-resolution	Troubleshooting and problem resolution	expert	4
infrastructure-engineer	Infrastructure engineer	Lead infrastructure engineer	8a	health-care-context	Understanding health and care services	practitioner	3
infrastructure-engineer	Infrastructure engineer	Lead infrastructure engineer	8a	information-governance	Information governance and data protection	practitioner	3
infrastructure-engineer	Infrastructure engineer	Lead infrastructure engineer	8a	security-operations	Security operations	working	2
infrastructure-engineer	Infrastructure engineer	Lead infrastructure engineer	8a	vulnerability-management	Vulnerability management	practitioner	3
infrastructure-engineer	Infrastructure engineer	Lead infrastructure engineer	8a	clinical-safety	Clinical risk management	working	2
infrastructure-engineer	Infrastructure engineer	Lead infrastructure engineer	8a	risk-management	Organisational risk management	practitioner	3
infrastructure-engineer	Infrastructure engineer	Lead infrastructure engineer	8a	people-management	People management	practitioner	3
infrastructure-engineer	Infrastructure engineer	Principal infrastructure engineer	8b	pcf:coding-and-scripting	Coding and scripting	working	2
infrastructure-engineer	Infrastructure engineer	Principal infrastructure engineer	8b	pcf:information-security	Information security	practitioner	3
infrastructure-engineer	Infrastructure engineer	Principal infrastructure engineer	8b	pcf:it-infrastructure	IT infrastructure	practitioner	3
infrastructure-engineer	Infrastructure engineer	Principal infrastructure engineer	8b	pcf:modern-development-standards	Modern development standards	expert	4
infrastructure-engineer	Infrastructure engineer	Principal infrastructure engineer	8b	pcf:ownership-and-initiative	Ownership and initiative	practitioner	3
infrastructure-engineer	Infrastructure engineer	Principal infrastructure engineer	8b	pcf:problem-management	Problem management	practitioner	3
infrastructure-engineer	Infrastructure engineer	Principal infrastructure engineer	8b	pcf:service-focus	Service focus	practitioner	3
infrastructure-engineer	Infrastructure engineer	Principal infrastructure engineer	8b	pcf:systems-design	Systems design	expert	4
infrastructure-engineer	Infrastructure engineer	Principal infrastructure engineer	8b	pcf:systems-integration	Systems integration	expert	4
infrastructure-engineer	Infrastructure engineer	Principal infrastructure engineer	8b	pcf:technical-understanding	Technical understanding	practitioner	3
infrastructure-engineer	Infrastructure engineer	Principal infrastructure engineer	8b	pcf:testing	Testing	expert	4
infrastructure-engineer	Infrastructure engineer	Principal infrastructure engineer	8b	pcf:troubleshooting-and-problem-resolution	Troubleshooting and problem resolution	expert	4
infrastructure-engineer	Infrastructure engineer	Principal infrastructure engineer	8b	health-care-context	Understanding health and care services	practitioner	3
infrastructure-engineer	Infrastructure engineer	Principal infrastructure engineer	8b	information-governance	Information governance and data protection	practitioner	3
infrastructure-engineer	Infrastructure engineer	Principal infrastructure engineer	8b	security-operations	Security operations	working	2
infrastructure-engineer	Infrastructure engineer	Principal infrastructure engineer	8b	vulnerability-management	Vulnerability management	expert	4
infrastructure-engineer	Infrastructure engineer	Principal infrastructure engineer	8b	clinical-safety	Clinical risk management	working	2
infrastructure-engineer	Infrastructure engineer	Principal infrastructure engineer	8b	risk-management	Organisational risk management	practitioner	3
infrastructure-engineer	Infrastructure engineer	Principal infrastructure engineer	8b	people-management	People management	practitioner	3
infrastructure-engineer	Infrastructure engineer	Principal infrastructure engineer	8b	budget-management	Budget management	practitioner	3
integration-engineer	Integration engineer (health interoperability)	Junior integration engineer	5	pcf:systems-integration	Systems integration	working	2
integration-engineer	Integration engineer (health interoperability)	Junior integration engineer	5	pcf:programming-and-build-software-engineering	Programming and build (software engineering)	working	2
integration-engineer	Integration engineer (health interoperability)	Junior integration engineer	5	pcf:testing	Testing	working	2
integration-engineer	Integration engineer (health interoperability)	Junior integration engineer	5	pcf:service-support	Service support	working	2
integration-engineer	Integration engineer (health interoperability)	Junior integration engineer	5	pcf:information-security	Information security	awareness	1
integration-engineer	Integration engineer (health interoperability)	Junior integration engineer	5	health-data-interoperability	Health data interoperability	working	2
integration-engineer	Integration engineer (health interoperability)	Junior integration engineer	5	clinical-terminology	Clinical terminology and classification	awareness	1
integration-engineer	Integration engineer (health interoperability)	Junior integration engineer	5	information-governance	Information governance and data protection	working	2
integration-engineer	Integration engineer (health interoperability)	Junior integration engineer	5	clinical-safety	Clinical risk management	awareness	1
integration-engineer	Integration engineer (health interoperability)	Junior integration engineer	5	health-care-context	Understanding health and care services	awareness	1
integration-engineer	Integration engineer (health interoperability)	Integration engineer	6	pcf:systems-integration	Systems integration	practitioner	3
integration-engineer	Integration engineer (health interoperability)	Integration engineer	6	pcf:programming-and-build-software-engineering	Programming and build (software engineering)	practitioner	3
integration-engineer	Integration engineer (health interoperability)	Integration engineer	6	pcf:systems-design	Systems design	working	2
integration-engineer	Integration engineer (health interoperability)	Integration engineer	6	pcf:service-support	Service support	practitioner	3
integration-engineer	Integration engineer (health interoperability)	Integration engineer	6	pcf:information-security	Information security	working	2
integration-engineer	Integration engineer (health interoperability)	Integration engineer	6	health-data-interoperability	Health data interoperability	practitioner	3
integration-engineer	Integration engineer (health interoperability)	Integration engineer	6	clinical-terminology	Clinical terminology and classification	working	2
integration-engineer	Integration engineer (health interoperability)	Integration engineer	6	information-governance	Information governance and data protection	working	2
integration-engineer	Integration engineer (health interoperability)	Integration engineer	6	clinical-safety	Clinical risk management	working	2
integration-engineer	Integration engineer (health interoperability)	Integration engineer	6	health-care-context	Understanding health and care services	working	2
integration-engineer	Integration engineer (health interoperability)	Senior integration engineer	7	pcf:systems-integration	Systems integration	expert	4
integration-engineer	Integration engineer (health interoperability)	Senior integration engineer	7	pcf:programming-and-build-software-engineering	Programming and build (software engineering)	practitioner	3
integration-engineer	Integration engineer (health interoperability)	Senior integration engineer	7	pcf:systems-design	Systems design	practitioner	3
integration-engineer	Integration engineer (health interoperability)	Senior integration engineer	7	pcf:information-security	Information security	practitioner	3
integration-engineer	Integration engineer (health interoperability)	Senior integration engineer	7	pcf:stakeholder-relationship-management	Stakeholder relationship management	working	2
integration-engineer	Integration engineer (health interoperability)	Senior integration engineer	7	health-data-interoperability	Health data interoperability	practitioner	3
integration-engineer	Integration engineer (health interoperability)	Senior integration engineer	7	clinical-terminology	Clinical terminology and classification	practitioner	3
integration-engineer	Integration engineer (health interoperability)	Senior integration engineer	7	information-governance	Information governance and data protection	practitioner	3
integration-engineer	Integration engineer (health interoperability)	Senior integration engineer	7	clinical-safety	Clinical risk management	working	2
integration-engineer	Integration engineer (health interoperability)	Senior integration engineer	7	identity-and-access-management	Identity and access management	working	2
integration-engineer	Integration engineer (health interoperability)	Lead integration engineer	8a	pcf:systems-integration	Systems integration	expert	4
integration-engineer	Integration engineer (health interoperability)	Lead integration engineer	8a	pcf:systems-design	Systems design	expert	4
integration-engineer	Integration engineer (health interoperability)	Lead integration engineer	8a	pcf:technical-design-throughout-the-life-cycle	Technical design throughout the life cycle	practitioner	3
integration-engineer	Integration engineer (health interoperability)	Lead integration engineer	8a	pcf:stakeholder-relationship-management	Stakeholder relationship management	practitioner	3
integration-engineer	Integration engineer (health interoperability)	Lead integration engineer	8a	pcf:leadership-and-guidance	Leadership and guidance	practitioner	3
integration-engineer	Integration engineer (health interoperability)	Lead integration engineer	8a	health-data-interoperability	Health data interoperability	expert	4
integration-engineer	Integration engineer (health interoperability)	Lead integration engineer	8a	clinical-terminology	Clinical terminology and classification	practitioner	3
integration-engineer	Integration engineer (health interoperability)	Lead integration engineer	8a	information-governance	Information governance and data protection	practitioner	3
integration-engineer	Integration engineer (health interoperability)	Lead integration engineer	8a	clinical-safety	Clinical risk management	practitioner	3
integration-engineer	Integration engineer (health interoperability)	Lead integration engineer	8a	people-management	People management	practitioner	3
interaction-designer	Interaction designer	Associate interaction designer	4	pcf:design-communication	Design communication	awareness	1
interaction-designer	Interaction designer	Associate interaction designer	4	pcf:designing-for-everyone	Designing for everyone	awareness	1
interaction-designer	Interaction designer	Associate interaction designer	4	pcf:designing-strategically	Designing strategically	awareness	1
interaction-designer	Interaction designer	Associate interaction designer	4	pcf:designing-together	Designing together	awareness	1
interaction-designer	Interaction designer	Associate interaction designer	4	pcf:evidence-based-design	Evidence-based design	awareness	1
interaction-designer	Interaction designer	Associate interaction designer	4	pcf:iterative-design	Iterative design	awareness	1
interaction-designer	Interaction designer	Associate interaction designer	4	pcf:leading-design	Leading design	awareness	1
interaction-designer	Interaction designer	Associate interaction designer	4	health-care-context	Understanding health and care services	awareness	1
interaction-designer	Interaction designer	Associate interaction designer	4	pd-safety-critical-design	Designing for clinical safety and human factors	awareness	1
interaction-designer	Interaction designer	Associate interaction designer	4	equality-diversity-inclusion	Equality, diversity, and inclusion	awareness	1
interaction-designer	Interaction designer	Junior interaction designer	5	pcf:design-communication	Design communication	working	2
interaction-designer	Interaction designer	Junior interaction designer	5	pcf:designing-for-everyone	Designing for everyone	working	2
interaction-designer	Interaction designer	Junior interaction designer	5	pcf:designing-strategically	Designing strategically	awareness	1
interaction-designer	Interaction designer	Junior interaction designer	5	pcf:designing-together	Designing together	awareness	1
interaction-designer	Interaction designer	Junior interaction designer	5	pcf:evidence-based-design	Evidence-based design	working	2
interaction-designer	Interaction designer	Junior interaction designer	5	pcf:iterative-design	Iterative design	working	2
interaction-designer	Interaction designer	Junior interaction designer	5	pcf:leading-design	Leading design	awareness	1
interaction-designer	Interaction designer	Junior interaction designer	5	health-care-context	Understanding health and care services	awareness	1
interaction-designer	Interaction designer	Junior interaction designer	5	pd-safety-critical-design	Designing for clinical safety and human factors	awareness	1
interaction-designer	Interaction designer	Junior interaction designer	5	equality-diversity-inclusion	Equality, diversity, and inclusion	working	2
interaction-designer	Interaction designer	Junior interaction designer	5	clinical-safety	Clinical risk management	awareness	1
interaction-designer	Interaction designer	Interaction designer	6	pcf:design-communication	Design communication	working	2
interaction-designer	Interaction designer	Interaction designer	6	pcf:designing-for-everyone	Designing for everyone	working	2
interaction-designer	Interaction designer	Interaction designer	6	pcf:designing-strategically	Designing strategically	working	2
interaction-designer	Interaction designer	Interaction designer	6	pcf:designing-together	Designing together	working	2
interaction-designer	Interaction designer	Interaction designer	6	pcf:evidence-based-design	Evidence-based design	working	2
interaction-designer	Interaction designer	Interaction designer	6	pcf:iterative-design	Iterative design	working	2
interaction-designer	Interaction designer	Interaction designer	6	pcf:leading-design	Leading design	working	2
interaction-designer	Interaction designer	Interaction designer	6	health-care-context	Understanding health and care services	working	2
interaction-designer	Interaction designer	Interaction designer	6	pd-safety-critical-design	Designing for clinical safety and human factors	working	2
interaction-designer	Interaction designer	Interaction designer	6	equality-diversity-inclusion	Equality, diversity, and inclusion	working	2
interaction-designer	Interaction designer	Interaction designer	6	clinical-safety	Clinical risk management	working	2
interaction-designer	Interaction designer	Senior interaction designer	7	pcf:design-communication	Design communication	practitioner	3
interaction-designer	Interaction designer	Senior interaction designer	7	pcf:designing-for-everyone	Designing for everyone	practitioner	3
interaction-designer	Interaction designer	Senior interaction designer	7	pcf:designing-strategically	Designing strategically	practitioner	3
interaction-designer	Interaction designer	Senior interaction designer	7	pcf:designing-together	Designing together	practitioner	3
interaction-designer	Interaction designer	Senior interaction designer	7	pcf:evidence-based-design	Evidence-based design	practitioner	3
interaction-designer	Interaction designer	Senior interaction designer	7	pcf:iterative-design	Iterative design	practitioner	3
interaction-designer	Interaction designer	Senior interaction designer	7	pcf:leading-design	Leading design	working	2
interaction-designer	Interaction designer	Senior interaction designer	7	health-care-context	Understanding health and care services	practitioner	3
interaction-designer	Interaction designer	Senior interaction designer	7	pd-safety-critical-design	Designing for clinical safety and human factors	practitioner	3
interaction-designer	Interaction designer	Senior interaction designer	7	equality-diversity-inclusion	Equality, diversity, and inclusion	practitioner	3
interaction-designer	Interaction designer	Senior interaction designer	7	clinical-safety	Clinical risk management	working	2
interaction-designer	Interaction designer	Senior interaction designer	7	medical-device-regulation	Medical device software regulation	awareness	1
interaction-designer	Interaction designer	Lead interaction designer	8b	pcf:design-communication	Design communication	expert	4
interaction-designer	Interaction designer	Lead interaction designer	8b	pcf:designing-for-everyone	Designing for everyone	expert	4
interaction-designer	Interaction designer	Lead interaction designer	8b	pcf:designing-strategically	Designing strategically	practitioner	3
interaction-designer	Interaction designer	Lead interaction designer	8b	pcf:designing-together	Designing together	expert	4
interaction-designer	Interaction designer	Lead interaction designer	8b	pcf:evidence-based-design	Evidence-based design	expert	4
interaction-designer	Interaction designer	Lead interaction designer	8b	pcf:iterative-design	Iterative design	expert	4
interaction-designer	Interaction designer	Lead interaction designer	8b	pcf:leading-design	Leading design	practitioner	3
interaction-designer	Interaction designer	Lead interaction designer	8b	health-care-context	Understanding health and care services	practitioner	3
interaction-designer	Interaction designer	Lead interaction designer	8b	pd-safety-critical-design	Designing for clinical safety and human factors	expert	4
interaction-designer	Interaction designer	Lead interaction designer	8b	equality-diversity-inclusion	Equality, diversity, and inclusion	practitioner	3
interaction-designer	Interaction designer	Lead interaction designer	8b	clinical-safety	Clinical risk management	practitioner	3
interaction-designer	Interaction designer	Lead interaction designer	8b	medical-device-regulation	Medical device software regulation	working	2
interaction-designer	Interaction designer	Lead interaction designer	8b	people-management	People management	practitioner	3
interaction-designer	Interaction designer	Head of interaction design	8c	pcf:design-communication	Design communication	expert	4
interaction-designer	Interaction designer	Head of interaction design	8c	pcf:designing-for-everyone	Designing for everyone	expert	4
interaction-designer	Interaction designer	Head of interaction design	8c	pcf:designing-strategically	Designing strategically	expert	4
interaction-designer	Interaction designer	Head of interaction design	8c	pcf:designing-together	Designing together	expert	4
interaction-designer	Interaction designer	Head of interaction design	8c	pcf:evidence-based-design	Evidence-based design	expert	4
interaction-designer	Interaction designer	Head of interaction design	8c	pcf:iterative-design	Iterative design	expert	4
interaction-designer	Interaction designer	Head of interaction design	8c	pcf:leading-design	Leading design	expert	4
interaction-designer	Interaction designer	Head of interaction design	8c	health-care-context	Understanding health and care services	expert	4
interaction-designer	Interaction designer	Head of interaction design	8c	pd-safety-critical-design	Designing for clinical safety and human factors	expert	4
interaction-designer	Interaction designer	Head of interaction design	8c	equality-diversity-inclusion	Equality, diversity, and inclusion	expert	4
interaction-designer	Interaction designer	Head of interaction design	8c	clinical-safety	Clinical risk management	practitioner	3
interaction-designer	Interaction designer	Head of interaction design	8c	medical-device-regulation	Medical device software regulation	working	2
interaction-designer	Interaction designer	Head of interaction design	8c	people-management	People management	expert	4
interaction-designer	Interaction designer	Head of interaction design	8c	budget-management	Budget management	working	2
it-service-manager	IT service manager	IT service analyst	4	pcf:asset-and-configuration-management	Asset and configuration management	awareness	1
it-service-manager	IT service manager	IT service analyst	4	pcf:business-analysis-it-operations	Business analysis (IT operations)	awareness	1
it-service-manager	IT service manager	IT service analyst	4	pcf:continual-service-improvement	Continual service improvement	awareness	1
it-service-manager	IT service manager	IT service analyst	4	pcf:it-service-reporting	IT service reporting	working	2
it-service-manager	IT service manager	IT service analyst	4	pcf:ownership-and-initiative	Ownership and initiative	working	2
it-service-manager	IT service manager	IT service analyst	4	pcf:service-focus	Service focus	awareness	1
it-service-manager	IT service manager	IT service analyst	4	pcf:service-management-framework-knowledge	Service management framework knowledge	awareness	1
it-service-manager	IT service manager	IT service analyst	4	pcf:stakeholder-relationship-management-it-operations	Stakeholder relationship management (IT operations)	working	2
it-service-manager	IT service manager	IT service analyst	4	pcf:strategic-thinking	Strategic thinking	working	2
it-service-manager	IT service manager	IT service analyst	4	pcf:technical-understanding	Technical understanding	awareness	1
it-service-manager	IT service manager	IT service analyst	4	pcf:user-focus	User focus	working	2
it-service-manager	IT service manager	IT service analyst	4	health-care-context	Understanding health and care services	awareness	1
it-service-manager	IT service manager	IT service analyst	4	information-governance	Information governance and data protection	awareness	1
it-service-manager	IT service manager	IT service analyst	4	clinical-safety	Clinical risk management	awareness	1
it-service-manager	IT service manager	IT service manager	6	pcf:asset-and-configuration-management	Asset and configuration management	working	2
it-service-manager	IT service manager	IT service manager	6	pcf:business-analysis-it-operations	Business analysis (IT operations)	working	2
it-service-manager	IT service manager	IT service manager	6	pcf:continual-service-improvement	Continual service improvement	working	2
it-service-manager	IT service manager	IT service manager	6	pcf:it-service-reporting	IT service reporting	working	2
it-service-manager	IT service manager	IT service manager	6	pcf:ownership-and-initiative	Ownership and initiative	working	2
it-service-manager	IT service manager	IT service manager	6	pcf:service-focus	Service focus	practitioner	3
it-service-manager	IT service manager	IT service manager	6	pcf:service-management-framework-knowledge	Service management framework knowledge	working	2
it-service-manager	IT service manager	IT service manager	6	pcf:stakeholder-relationship-management-it-operations	Stakeholder relationship management (IT operations)	working	2
it-service-manager	IT service manager	IT service manager	6	pcf:strategic-thinking	Strategic thinking	working	2
it-service-manager	IT service manager	IT service manager	6	pcf:technical-understanding	Technical understanding	working	2
it-service-manager	IT service manager	IT service manager	6	pcf:user-focus	User focus	working	2
it-service-manager	IT service manager	IT service manager	6	health-care-context	Understanding health and care services	working	2
it-service-manager	IT service manager	IT service manager	6	information-governance	Information governance and data protection	working	2
it-service-manager	IT service manager	IT service manager	6	clinical-safety	Clinical risk management	awareness	1
it-service-manager	IT service manager	IT service manager	6	risk-management	Organisational risk management	working	2
it-service-manager	IT service manager	Senior IT service manager	7	pcf:asset-and-configuration-management	Asset and configuration management	practitioner	3
it-service-manager	IT service manager	Senior IT service manager	7	pcf:business-analysis-it-operations	Business analysis (IT operations)	practitioner	3
it-service-manager	IT service manager	Senior IT service manager	7	pcf:continual-service-improvement	Continual service improvement	practitioner	3
it-service-manager	IT service manager	Senior IT service manager	7	pcf:it-service-reporting	IT service reporting	practitioner	3
it-service-manager	IT service manager	Senior IT service manager	7	pcf:ownership-and-initiative	Ownership and initiative	practitioner	3
it-service-manager	IT service manager	Senior IT service manager	7	pcf:service-focus	Service focus	practitioner	3
it-service-manager	IT service manager	Senior IT service manager	7	pcf:service-management-framework-knowledge	Service management framework knowledge	practitioner	3
it-service-manager	IT service manager	Senior IT service manager	7	pcf:stakeholder-relationship-management-it-operations	Stakeholder relationship management (IT operations)	practitioner	3
it-service-manager	IT service manager	Senior IT service manager	7	pcf:strategic-thinking	Strategic thinking	practitioner	3
it-service-manager	IT service manager	Senior IT service manager	7	pcf:technical-understanding	Technical understanding	working	2
it-service-manager	IT service manager	Senior IT service manager	7	pcf:user-focus	User focus	practitioner	3
it-service-manager	IT service manager	Senior IT service manager	7	health-care-context	Understanding health and care services	practitioner	3
it-service-manager	IT service manager	Senior IT service manager	7	information-governance	Information governance and data protection	working	2
it-service-manager	IT service manager	Senior IT service manager	7	clinical-safety	Clinical risk management	working	2
it-service-manager	IT service manager	Senior IT service manager	7	risk-management	Organisational risk management	practitioner	3
it-service-manager	IT service manager	Senior IT service manager	7	people-management	People management	working	2
it-service-manager	IT service manager	Senior IT service manager	7	budget-management	Budget management	awareness	1
it-service-manager	IT service manager	Head of IT service management	8b	pcf:asset-and-configuration-management	Asset and configuration management	expert	4
it-service-manager	IT service manager	Head of IT service management	8b	pcf:business-analysis-it-operations	Business analysis (IT operations)	practitioner	3
it-service-manager	IT service manager	Head of IT service management	8b	pcf:continual-service-improvement	Continual service improvement	practitioner	3
it-service-manager	IT service manager	Head of IT service management	8b	pcf:it-service-reporting	IT service reporting	practitioner	3
it-service-manager	IT service manager	Head of IT service management	8b	pcf:ownership-and-initiative	Ownership and initiative	practitioner	3
it-service-manager	IT service manager	Head of IT service management	8b	pcf:service-management-framework-knowledge	Service management framework knowledge	expert	4
it-service-manager	IT service manager	Head of IT service management	8b	pcf:stakeholder-relationship-management-it-operations	Stakeholder relationship management (IT operations)	expert	4
it-service-manager	IT service manager	Head of IT service management	8b	pcf:strategic-thinking	Strategic thinking	expert	4
it-service-manager	IT service manager	Head of IT service management	8b	pcf:technical-understanding	Technical understanding	practitioner	3
it-service-manager	IT service manager	Head of IT service management	8b	pcf:user-focus	User focus	expert	4
it-service-manager	IT service manager	Head of IT service management	8b	health-care-context	Understanding health and care services	practitioner	3
it-service-manager	IT service manager	Head of IT service management	8b	information-governance	Information governance and data protection	practitioner	3
it-service-manager	IT service manager	Head of IT service management	8b	clinical-safety	Clinical risk management	working	2
it-service-manager	IT service manager	Head of IT service management	8b	risk-management	Organisational risk management	practitioner	3
it-service-manager	IT service manager	Head of IT service management	8b	people-management	People management	practitioner	3
it-service-manager	IT service manager	Head of IT service management	8b	budget-management	Budget management	practitioner	3
learning-and-development-specialist	Learning and development specialist	Learning and development coordinator	4	hr-learning-design-and-delivery	Learning design and delivery	working	2
learning-and-development-specialist	Learning and development specialist	Learning and development coordinator	4	hr-hr-administration	HR administration	working	2
learning-and-development-specialist	Learning and development specialist	Learning and development coordinator	4	hr-workforce-information	Workforce information and HR systems	working	2
learning-and-development-specialist	Learning and development specialist	Learning and development coordinator	4	hr-skills-frameworks-and-career-pathways	Skills frameworks and career pathways	awareness	1
learning-and-development-specialist	Learning and development specialist	Learning and development coordinator	4	information-governance	Information governance and data protection	working	2
learning-and-development-specialist	Learning and development specialist	Learning and development coordinator	4	pcf:communicating-information	Communicating information	working	2
learning-and-development-specialist	Learning and development specialist	Learning and development coordinator	4	equality-diversity-inclusion	Equality, diversity, and inclusion	working	2
learning-and-development-specialist	Learning and development specialist	Learning and development officer	5	hr-learning-design-and-delivery	Learning design and delivery	practitioner	3
learning-and-development-specialist	Learning and development specialist	Learning and development officer	5	hr-skills-frameworks-and-career-pathways	Skills frameworks and career pathways	working	2
learning-and-development-specialist	Learning and development specialist	Learning and development officer	5	hr-workforce-information	Workforce information and HR systems	working	2
learning-and-development-specialist	Learning and development specialist	Learning and development officer	5	pcf:capability-building-for-digital-data-and-technology	Capability building for digital, data and technology	working	2
learning-and-development-specialist	Learning and development specialist	Learning and development officer	5	pcf:communicating-information	Communicating information	practitioner	3
learning-and-development-specialist	Learning and development specialist	Learning and development officer	5	pcf:stakeholder-relationship-management	Stakeholder relationship management	working	2
learning-and-development-specialist	Learning and development specialist	Learning and development officer	5	equality-diversity-inclusion	Equality, diversity, and inclusion	working	2
learning-and-development-specialist	Learning and development specialist	Learning and development officer	5	health-care-context	Understanding health and care services	awareness	1
learning-and-development-specialist	Learning and development specialist	Learning and development specialist	6	hr-learning-design-and-delivery	Learning design and delivery	practitioner	3
learning-and-development-specialist	Learning and development specialist	Learning and development specialist	6	hr-skills-frameworks-and-career-pathways	Skills frameworks and career pathways	practitioner	3
learning-and-development-specialist	Learning and development specialist	Learning and development specialist	6	hr-organisational-development	Organisational development	working	2
learning-and-development-specialist	Learning and development specialist	Learning and development specialist	6	pcf:capability-building-for-digital-data-and-technology	Capability building for digital, data and technology	practitioner	3
learning-and-development-specialist	Learning and development specialist	Learning and development specialist	6	pcf:stakeholder-relationship-management	Stakeholder relationship management	practitioner	3
learning-and-development-specialist	Learning and development specialist	Learning and development specialist	6	pcf:communicating-information	Communicating information	practitioner	3
learning-and-development-specialist	Learning and development specialist	Learning and development specialist	6	hr-workforce-information	Workforce information and HR systems	working	2
learning-and-development-specialist	Learning and development specialist	Learning and development specialist	6	equality-diversity-inclusion	Equality, diversity, and inclusion	practitioner	3
learning-and-development-specialist	Learning and development specialist	Learning and development specialist	6	health-care-context	Understanding health and care services	working	2
learning-and-development-specialist	Learning and development specialist	Digital skills lead	7	hr-skills-frameworks-and-career-pathways	Skills frameworks and career pathways	expert	4
learning-and-development-specialist	Learning and development specialist	Digital skills lead	7	pcf:capability-building-for-digital-data-and-technology	Capability building for digital, data and technology	practitioner	3
learning-and-development-specialist	Learning and development specialist	Digital skills lead	7	hr-learning-design-and-delivery	Learning design and delivery	practitioner	3
learning-and-development-specialist	Learning and development specialist	Digital skills lead	7	hr-workforce-planning	Workforce planning	working	2
learning-and-development-specialist	Learning and development specialist	Digital skills lead	7	hr-talent-attraction	Talent attraction and sourcing	working	2
learning-and-development-specialist	Learning and development specialist	Digital skills lead	7	pcf:stakeholder-relationship-management	Stakeholder relationship management	practitioner	3
learning-and-development-specialist	Learning and development specialist	Digital skills lead	7	people-management	People management	practitioner	3
learning-and-development-specialist	Learning and development specialist	Digital skills lead	7	budget-management	Budget management	practitioner	3
learning-and-development-specialist	Learning and development specialist	Digital skills lead	7	health-care-context	Understanding health and care services	working	2
learning-and-development-specialist	Learning and development specialist	Head of learning	8a	hr-learning-design-and-delivery	Learning design and delivery	expert	4
learning-and-development-specialist	Learning and development specialist	Head of learning	8a	hr-skills-frameworks-and-career-pathways	Skills frameworks and career pathways	practitioner	3
learning-and-development-specialist	Learning and development specialist	Head of learning	8a	hr-organisational-development	Organisational development	practitioner	3
learning-and-development-specialist	Learning and development specialist	Head of learning	8a	hr-people-strategy	People strategy and HR leadership	practitioner	3
learning-and-development-specialist	Learning and development specialist	Head of learning	8a	pcf:capability-building-for-digital-data-and-technology	Capability building for digital, data and technology	expert	4
learning-and-development-specialist	Learning and development specialist	Head of learning	8a	pcf:leadership-and-guidance	Leadership and guidance	practitioner	3
learning-and-development-specialist	Learning and development specialist	Head of learning	8a	people-management	People management	practitioner	3
learning-and-development-specialist	Learning and development specialist	Head of learning	8a	budget-management	Budget management	practitioner	3
learning-and-development-specialist	Learning and development specialist	Head of learning	8a	equality-diversity-inclusion	Equality, diversity, and inclusion	practitioner	3
legal-adviser	Legal adviser	Legal adviser	7	legal-legal-advice	Legal advice	practitioner	3
legal-adviser	Legal adviser	Legal adviser	7	legal-contract-drafting-and-review	Contract drafting and review	practitioner	3
legal-adviser	Legal adviser	Legal adviser	7	legal-legal-research	Legal research	practitioner	3
legal-adviser	Legal adviser	Legal adviser	7	legal-information-and-data-law	Information and data law	practitioner	3
legal-adviser	Legal adviser	Legal adviser	7	legal-procurement-law	Public procurement law	working	2
legal-adviser	Legal adviser	Legal adviser	7	legal-litigation-and-disputes	Litigation and dispute resolution	working	2
legal-adviser	Legal adviser	Legal adviser	7	legal-intellectual-property	Intellectual property	working	2
legal-adviser	Legal adviser	Legal adviser	7	pcf:stakeholder-relationship-management	Stakeholder relationship management	working	2
legal-adviser	Legal adviser	Legal adviser	7	health-care-context	Understanding health and care services	working	2
legal-adviser	Legal adviser	Senior legal adviser	8a	legal-legal-advice	Legal advice	practitioner	3
legal-adviser	Legal adviser	Senior legal adviser	8a	legal-contract-drafting-and-review	Contract drafting and review	expert	4
legal-adviser	Legal adviser	Senior legal adviser	8a	legal-information-and-data-law	Information and data law	practitioner	3
legal-adviser	Legal adviser	Senior legal adviser	8a	legal-procurement-law	Public procurement law	practitioner	3
legal-adviser	Legal adviser	Senior legal adviser	8a	legal-litigation-and-disputes	Litigation and dispute resolution	practitioner	3
legal-adviser	Legal adviser	Senior legal adviser	8a	legal-intellectual-property	Intellectual property	practitioner	3
legal-adviser	Legal adviser	Senior legal adviser	8a	legal-employment-law	Employment law	working	2
legal-adviser	Legal adviser	Senior legal adviser	8a	legal-health-and-care-law	Health and care law	working	2
legal-adviser	Legal adviser	Senior legal adviser	8a	pcf:stakeholder-relationship-management	Stakeholder relationship management	practitioner	3
legal-adviser	Legal adviser	Senior legal adviser	8a	people-management	People management	working	2
legal-adviser	Legal adviser	Principal legal adviser	8b	legal-legal-advice	Legal advice	expert	4
legal-adviser	Legal adviser	Principal legal adviser	8b	legal-contract-drafting-and-review	Contract drafting and review	expert	4
legal-adviser	Legal adviser	Principal legal adviser	8b	legal-information-and-data-law	Information and data law	expert	4
legal-adviser	Legal adviser	Principal legal adviser	8b	legal-intellectual-property	Intellectual property	practitioner	3
legal-adviser	Legal adviser	Principal legal adviser	8b	legal-procurement-law	Public procurement law	practitioner	3
legal-adviser	Legal adviser	Principal legal adviser	8b	legal-litigation-and-disputes	Litigation and dispute resolution	practitioner	3
legal-adviser	Legal adviser	Principal legal adviser	8b	legal-health-and-care-law	Health and care law	practitioner	3
legal-adviser	Legal adviser	Principal legal adviser	8b	pcf:stakeholder-relationship-management	Stakeholder relationship management	practitioner	3
legal-adviser	Legal adviser	Principal legal adviser	8b	pcf:leadership-and-guidance	Leadership and guidance	practitioner	3
legal-adviser	Legal adviser	Principal legal adviser	8b	people-management	People management	practitioner	3
legal-assistant	Legal assistant	Legal administrator	3	legal-legal-administration	Legal administration	working	2
legal-assistant	Legal assistant	Legal administrator	3	legal-contract-drafting-and-review	Contract drafting and review	awareness	1
legal-assistant	Legal assistant	Legal administrator	3	legal-information-and-data-law	Information and data law	awareness	1
legal-assistant	Legal assistant	Legal administrator	3	pcf:communicating-information	Communicating information	awareness	1
legal-assistant	Legal assistant	Legal administrator	3	information-governance	Information governance and data protection	working	2
legal-assistant	Legal assistant	Legal administrator	3	health-care-context	Understanding health and care services	awareness	1
legal-assistant	Legal assistant	Legal assistant	4	legal-legal-administration	Legal administration	practitioner	3
legal-assistant	Legal assistant	Legal assistant	4	legal-legal-research	Legal research	working	2
legal-assistant	Legal assistant	Legal assistant	4	legal-contract-drafting-and-review	Contract drafting and review	working	2
legal-assistant	Legal assistant	Legal assistant	4	legal-litigation-and-disputes	Litigation and dispute resolution	awareness	1
legal-assistant	Legal assistant	Legal assistant	4	legal-information-and-data-law	Information and data law	awareness	1
legal-assistant	Legal assistant	Legal assistant	4	pcf:communicating-information	Communicating information	working	2
legal-assistant	Legal assistant	Legal assistant	4	information-governance	Information governance and data protection	working	2
legal-assistant	Legal assistant	Legal assistant	4	health-care-context	Understanding health and care services	awareness	1
legal-assistant	Legal assistant	Paralegal	5	legal-legal-research	Legal research	practitioner	3
legal-assistant	Legal assistant	Paralegal	5	legal-contract-drafting-and-review	Contract drafting and review	working	2
legal-assistant	Legal assistant	Paralegal	5	legal-litigation-and-disputes	Litigation and dispute resolution	working	2
legal-assistant	Legal assistant	Paralegal	5	legal-information-and-data-law	Information and data law	working	2
legal-assistant	Legal assistant	Paralegal	5	legal-legal-advice	Legal advice	working	2
legal-assistant	Legal assistant	Paralegal	5	legal-legal-administration	Legal administration	practitioner	3
legal-assistant	Legal assistant	Paralegal	5	pcf:stakeholder-relationship-management	Stakeholder relationship management	working	2
legal-assistant	Legal assistant	Paralegal	5	information-governance	Information governance and data protection	working	2
legal-assistant	Legal assistant	Paralegal	5	health-care-context	Understanding health and care services	working	2
machine-learning-engineer	Machine learning engineer	Senior machine learning engineer	7	pcf:applied-maths-statistics-and-scientific-practices	Applied maths, statistics and scientific practices	practitioner	3
machine-learning-engineer	Machine learning engineer	Senior machine learning engineer	7	pcf:communicating-between-the-technical-and-non-technical	Communicating between the technical and non-technical	practitioner	3
machine-learning-engineer	Machine learning engineer	Senior machine learning engineer	7	pcf:data-ethics-and-privacy	Data ethics and privacy	practitioner	3
machine-learning-engineer	Machine learning engineer	Senior machine learning engineer	7	pcf:data-science-innovation	Data science innovation	practitioner	3
machine-learning-engineer	Machine learning engineer	Senior machine learning engineer	7	pcf:programming-and-build-software-engineering	Programming and build (software engineering)	practitioner	3
machine-learning-engineer	Machine learning engineer	Senior machine learning engineer	7	pcf:systems-integration	Systems integration	practitioner	3
machine-learning-engineer	Machine learning engineer	Senior machine learning engineer	7	health-care-context	Understanding health and care services	working	2
machine-learning-engineer	Machine learning engineer	Senior machine learning engineer	7	clinical-safety	Clinical risk management	working	2
machine-learning-engineer	Machine learning engineer	Senior machine learning engineer	7	information-governance	Information governance and data protection	working	2
machine-learning-engineer	Machine learning engineer	Senior machine learning engineer	7	health-data-interoperability	Health data interoperability	working	2
machine-learning-engineer	Machine learning engineer	Senior machine learning engineer	7	medical-device-regulation	Medical device software regulation	working	2
machine-learning-engineer	Machine learning engineer	Senior machine learning engineer	7	data-ai-assurance	Safe and fair AI in health care	practitioner	3
machine-learning-engineer	Machine learning engineer	Lead machine learning engineer	8b	pcf:applied-maths-statistics-and-scientific-practices	Applied maths, statistics and scientific practices	practitioner	3
machine-learning-engineer	Machine learning engineer	Lead machine learning engineer	8b	pcf:communicating-between-the-technical-and-non-technical	Communicating between the technical and non-technical	expert	4
machine-learning-engineer	Machine learning engineer	Lead machine learning engineer	8b	pcf:data-ethics-and-privacy	Data ethics and privacy	practitioner	3
machine-learning-engineer	Machine learning engineer	Lead machine learning engineer	8b	pcf:data-science-innovation	Data science innovation	expert	4
machine-learning-engineer	Machine learning engineer	Lead machine learning engineer	8b	pcf:programming-and-build-software-engineering	Programming and build (software engineering)	expert	4
machine-learning-engineer	Machine learning engineer	Lead machine learning engineer	8b	pcf:systems-integration	Systems integration	expert	4
machine-learning-engineer	Machine learning engineer	Lead machine learning engineer	8b	health-care-context	Understanding health and care services	practitioner	3
machine-learning-engineer	Machine learning engineer	Lead machine learning engineer	8b	clinical-safety	Clinical risk management	practitioner	3
machine-learning-engineer	Machine learning engineer	Lead machine learning engineer	8b	information-governance	Information governance and data protection	practitioner	3
machine-learning-engineer	Machine learning engineer	Lead machine learning engineer	8b	health-data-interoperability	Health data interoperability	practitioner	3
machine-learning-engineer	Machine learning engineer	Lead machine learning engineer	8b	medical-device-regulation	Medical device software regulation	practitioner	3
machine-learning-engineer	Machine learning engineer	Lead machine learning engineer	8b	data-ai-assurance	Safe and fair AI in health care	expert	4
machine-learning-engineer	Machine learning engineer	Lead machine learning engineer	8b	people-management	People management	working	2
management-accountant	Management accountant	Trainee management accountant	5	fin-management-accounting	Management accounting	working	2
management-accountant	Management accountant	Trainee management accountant	5	fin-financial-planning-and-forecasting	Financial planning and forecasting	working	2
management-accountant	Management accountant	Trainee management accountant	5	fin-business-cases	Business cases and investment appraisal	awareness	1
management-accountant	Management accountant	Trainee management accountant	5	fin-public-sector-finance	Public sector finance	working	2
management-accountant	Management accountant	Trainee management accountant	5	fin-financial-systems	Finance systems	working	2
management-accountant	Management accountant	Trainee management accountant	5	fin-financial-transactions	Financial transactions and ledgers	working	2
management-accountant	Management accountant	Trainee management accountant	5	pcf:financial-management	Financial management	awareness	1
management-accountant	Management accountant	Trainee management accountant	5	pcf:communicating-information	Communicating information	working	2
management-accountant	Management accountant	Trainee management accountant	5	health-care-context	Understanding health and care services	awareness	1
management-accountant	Management accountant	Management accountant	6	fin-management-accounting	Management accounting	practitioner	3
management-accountant	Management accountant	Management accountant	6	fin-financial-planning-and-forecasting	Financial planning and forecasting	practitioner	3
management-accountant	Management accountant	Management accountant	6	fin-business-cases	Business cases and investment appraisal	working	2
management-accountant	Management accountant	Management accountant	6	fin-public-sector-finance	Public sector finance	working	2
management-accountant	Management accountant	Management accountant	6	fin-financial-systems	Finance systems	working	2
management-accountant	Management accountant	Management accountant	6	pcf:financial-management	Financial management	working	2
management-accountant	Management accountant	Management accountant	6	pcf:stakeholder-relationship-management	Stakeholder relationship management	working	2
management-accountant	Management accountant	Management accountant	6	pcf:communicating-information	Communicating information	working	2
management-accountant	Management accountant	Management accountant	6	health-care-context	Understanding health and care services	working	2
management-accountant	Management accountant	Senior management accountant	7	fin-management-accounting	Management accounting	practitioner	3
management-accountant	Management accountant	Senior management accountant	7	fin-financial-planning-and-forecasting	Financial planning and forecasting	practitioner	3
management-accountant	Management accountant	Senior management accountant	7	fin-business-cases	Business cases and investment appraisal	practitioner	3
management-accountant	Management accountant	Senior management accountant	7	fin-public-sector-finance	Public sector finance	practitioner	3
management-accountant	Management accountant	Senior management accountant	7	pcf:financial-management-for-digital-data-and-technology	Financial management for digital, data and technology	working	2
management-accountant	Management accountant	Senior management accountant	7	pcf:creating-value-for-money	Creating value for money	working	2
management-accountant	Management accountant	Senior management accountant	7	pcf:stakeholder-relationship-management	Stakeholder relationship management	practitioner	3
management-accountant	Management accountant	Senior management accountant	7	people-management	People management	working	2
management-accountant	Management accountant	Senior management accountant	7	health-care-context	Understanding health and care services	working	2
management-accountant	Management accountant	Finance business partner	8a	fin-management-accounting	Management accounting	expert	4
management-accountant	Management accountant	Finance business partner	8a	fin-financial-planning-and-forecasting	Financial planning and forecasting	practitioner	3
management-accountant	Management accountant	Finance business partner	8a	fin-business-cases	Business cases and investment appraisal	practitioner	3
management-accountant	Management accountant	Finance business partner	8a	fin-public-sector-finance	Public sector finance	practitioner	3
management-accountant	Management accountant	Finance business partner	8a	pcf:financial-management-for-digital-data-and-technology	Financial management for digital, data and technology	practitioner	3
management-accountant	Management accountant	Finance business partner	8a	pcf:creating-value-for-money	Creating value for money	practitioner	3
management-accountant	Management accountant	Finance business partner	8a	pcf:commercial-management	Commercial management	working	2
management-accountant	Management accountant	Finance business partner	8a	pcf:stakeholder-relationship-management	Stakeholder relationship management	practitioner	3
management-accountant	Management accountant	Finance business partner	8a	people-management	People management	practitioner	3
management-accountant	Management accountant	Finance business partner	8a	health-care-context	Understanding health and care services	practitioner	3
management-accountant	Management accountant	Head of management accounts	8b	fin-management-accounting	Management accounting	expert	4
management-accountant	Management accountant	Head of management accounts	8b	fin-financial-planning-and-forecasting	Financial planning and forecasting	expert	4
management-accountant	Management accountant	Head of management accounts	8b	fin-business-cases	Business cases and investment appraisal	expert	4
management-accountant	Management accountant	Head of management accounts	8b	fin-public-sector-finance	Public sector finance	practitioner	3
management-accountant	Management accountant	Head of management accounts	8b	fin-financial-systems	Finance systems	practitioner	3
management-accountant	Management accountant	Head of management accounts	8b	pcf:financial-management-for-digital-data-and-technology	Financial management for digital, data and technology	practitioner	3
management-accountant	Management accountant	Head of management accounts	8b	pcf:creating-value-for-money	Creating value for money	practitioner	3
management-accountant	Management accountant	Head of management accounts	8b	pcf:leadership-and-guidance	Leadership and guidance	practitioner	3
management-accountant	Management accountant	Head of management accounts	8b	people-management	People management	practitioner	3
management-accountant	Management accountant	Head of management accounts	8b	risk-management	Organisational risk management	practitioner	3
network-architect	Network architect	Associate network architect	5	pcf:governance-and-assurance	Governance and assurance	awareness	1
network-architect	Network architect	Associate network architect	5	pcf:it-infrastructure	IT infrastructure	working	2
network-architect	Network architect	Associate network architect	5	pcf:systems-design	Systems design	working	2
network-architect	Network architect	Associate network architect	5	pcf:systems-integration	Systems integration	awareness	1
network-architect	Network architect	Associate network architect	5	pcf:technical-understanding	Technical understanding	awareness	1
network-architect	Network architect	Associate network architect	5	pcf:troubleshooting-and-problem-resolution	Troubleshooting and problem resolution	working	2
network-architect	Network architect	Associate network architect	5	health-care-context	Understanding health and care services	awareness	1
network-architect	Network architect	Associate network architect	5	information-governance	Information governance and data protection	awareness	1
network-architect	Network architect	Associate network architect	5	clinical-safety	Clinical risk management	awareness	1
network-architect	Network architect	Network architect	6	pcf:governance-and-assurance	Governance and assurance	practitioner	3
network-architect	Network architect	Network architect	6	pcf:it-infrastructure	IT infrastructure	practitioner	3
network-architect	Network architect	Network architect	6	pcf:systems-design	Systems design	practitioner	3
network-architect	Network architect	Network architect	6	pcf:systems-integration	Systems integration	practitioner	3
network-architect	Network architect	Network architect	6	pcf:technical-understanding	Technical understanding	practitioner	3
network-architect	Network architect	Network architect	6	pcf:troubleshooting-and-problem-resolution	Troubleshooting and problem resolution	practitioner	3
network-architect	Network architect	Network architect	6	health-care-context	Understanding health and care services	working	2
network-architect	Network architect	Network architect	6	information-governance	Information governance and data protection	working	2
network-architect	Network architect	Network architect	6	clinical-safety	Clinical risk management	working	2
network-architect	Network architect	Network architect	6	identity-and-access-management	Identity and access management	working	2
network-architect	Network architect	Network architect	6	vulnerability-management	Vulnerability management	awareness	1
network-architect	Network architect	Lead network architect	7	pcf:governance-and-assurance	Governance and assurance	expert	4
network-architect	Network architect	Lead network architect	7	pcf:it-infrastructure	IT infrastructure	expert	4
network-architect	Network architect	Lead network architect	7	pcf:systems-design	Systems design	expert	4
network-architect	Network architect	Lead network architect	7	pcf:systems-integration	Systems integration	practitioner	3
network-architect	Network architect	Lead network architect	7	pcf:technical-understanding	Technical understanding	expert	4
network-architect	Network architect	Lead network architect	7	pcf:troubleshooting-and-problem-resolution	Troubleshooting and problem resolution	practitioner	3
network-architect	Network architect	Lead network architect	7	health-care-context	Understanding health and care services	working	2
network-architect	Network architect	Lead network architect	7	information-governance	Information governance and data protection	working	2
network-architect	Network architect	Lead network architect	7	clinical-safety	Clinical risk management	working	2
network-architect	Network architect	Lead network architect	7	identity-and-access-management	Identity and access management	working	2
network-architect	Network architect	Lead network architect	7	vulnerability-management	Vulnerability management	working	2
network-architect	Network architect	Lead network architect	7	medical-device-regulation	Medical device software regulation	awareness	1
payroll-officer	Payroll officer	Payroll officer	3	fin-payroll	Payroll	working	2
payroll-officer	Payroll officer	Payroll officer	3	fin-financial-systems	Finance systems	working	2
payroll-officer	Payroll officer	Payroll officer	3	fin-audit-and-controls	Financial controls and audit	awareness	1
payroll-officer	Payroll officer	Payroll officer	3	fin-tax	Tax	awareness	1
payroll-officer	Payroll officer	Payroll officer	3	pcf:communicating-information	Communicating information	working	2
payroll-officer	Payroll officer	Payroll officer	3	information-governance	Information governance and data protection	working	2
payroll-officer	Payroll officer	Payroll officer	3	health-care-context	Understanding health and care services	awareness	1
payroll-officer	Payroll officer	Senior payroll officer	4	fin-payroll	Payroll	practitioner	3
payroll-officer	Payroll officer	Senior payroll officer	4	fin-financial-systems	Finance systems	working	2
payroll-officer	Payroll officer	Senior payroll officer	4	fin-audit-and-controls	Financial controls and audit	working	2
payroll-officer	Payroll officer	Senior payroll officer	4	fin-tax	Tax	working	2
payroll-officer	Payroll officer	Senior payroll officer	4	fin-financial-transactions	Financial transactions and ledgers	awareness	1
payroll-officer	Payroll officer	Senior payroll officer	4	pcf:communicating-information	Communicating information	working	2
payroll-officer	Payroll officer	Senior payroll officer	4	information-governance	Information governance and data protection	working	2
payroll-officer	Payroll officer	Payroll team leader	5	fin-payroll	Payroll	practitioner	3
payroll-officer	Payroll officer	Payroll team leader	5	fin-financial-systems	Finance systems	practitioner	3
payroll-officer	Payroll officer	Payroll team leader	5	fin-audit-and-controls	Financial controls and audit	practitioner	3
payroll-officer	Payroll officer	Payroll team leader	5	fin-tax	Tax	working	2
payroll-officer	Payroll officer	Payroll team leader	5	pcf:stakeholder-relationship-management	Stakeholder relationship management	working	2
payroll-officer	Payroll officer	Payroll team leader	5	people-management	People management	working	2
payroll-officer	Payroll officer	Payroll team leader	5	information-governance	Information governance and data protection	working	2
payroll-officer	Payroll officer	Payroll team leader	5	data-quality	Data quality management	working	2
payroll-officer	Payroll officer	Payroll manager	6	fin-payroll	Payroll	expert	4
payroll-officer	Payroll officer	Payroll manager	6	fin-financial-systems	Finance systems	practitioner	3
payroll-officer	Payroll officer	Payroll manager	6	fin-audit-and-controls	Financial controls and audit	practitioner	3
payroll-officer	Payroll officer	Payroll manager	6	fin-tax	Tax	practitioner	3
payroll-officer	Payroll officer	Payroll manager	6	pcf:stakeholder-relationship-management	Stakeholder relationship management	practitioner	3
payroll-officer	Payroll officer	Payroll manager	6	pcf:commercial-management	Commercial management	working	2
payroll-officer	Payroll officer	Payroll manager	6	people-management	People management	practitioner	3
payroll-officer	Payroll officer	Payroll manager	6	risk-management	Organisational risk management	working	2
payroll-officer	Payroll officer	Payroll manager	6	information-governance	Information governance and data protection	practitioner	3
performance-analyst	Performance analyst	Associate performance analyst	4	pcf:analysis-and-insight	Analysis and insight	working	2
performance-analyst	Performance analyst	Associate performance analyst	4	pcf:communicating-analysis-and-insight	Communicating analysis and insight	working	2
performance-analyst	Performance analyst	Associate performance analyst	4	pcf:performance-measurement	Performance measurement	awareness	1
performance-analyst	Performance analyst	Associate performance analyst	4	pcf:quality-assurance-of-data-and-analysis	Quality assurance of data and analysis	awareness	1
performance-analyst	Performance analyst	Associate performance analyst	4	pcf:technical-understanding-performance-analyst	Technical understanding (performance analyst)	awareness	1
performance-analyst	Performance analyst	Associate performance analyst	4	pcf:understanding-analysis-across-the-product-life-cycle	Understanding analysis across the product life cycle	awareness	1
performance-analyst	Performance analyst	Associate performance analyst	4	pcf:user-centred-analysis	User-centred analysis	awareness	1
performance-analyst	Performance analyst	Associate performance analyst	4	pcf:working-within-constraints-performance-analyst	Working within constraints (performance analyst)	awareness	1
performance-analyst	Performance analyst	Associate performance analyst	4	health-care-context	Understanding health and care services	awareness	1
performance-analyst	Performance analyst	Associate performance analyst	4	information-governance	Information governance and data protection	awareness	1
performance-analyst	Performance analyst	Associate performance analyst	4	data-quality	Data quality management	awareness	1
performance-analyst	Performance analyst	Performance analyst	6	pcf:analysis-and-insight	Analysis and insight	practitioner	3
performance-analyst	Performance analyst	Performance analyst	6	pcf:communicating-analysis-and-insight	Communicating analysis and insight	working	2
performance-analyst	Performance analyst	Performance analyst	6	pcf:performance-measurement	Performance measurement	working	2
performance-analyst	Performance analyst	Performance analyst	6	pcf:quality-assurance-of-data-and-analysis	Quality assurance of data and analysis	working	2
performance-analyst	Performance analyst	Performance analyst	6	pcf:technical-understanding-performance-analyst	Technical understanding (performance analyst)	working	2
performance-analyst	Performance analyst	Performance analyst	6	pcf:understanding-analysis-across-the-product-life-cycle	Understanding analysis across the product life cycle	working	2
performance-analyst	Performance analyst	Performance analyst	6	pcf:user-centred-analysis	User-centred analysis	working	2
performance-analyst	Performance analyst	Performance analyst	6	pcf:working-within-constraints-performance-analyst	Working within constraints (performance analyst)	working	2
performance-analyst	Performance analyst	Performance analyst	6	health-care-context	Understanding health and care services	working	2
performance-analyst	Performance analyst	Performance analyst	6	information-governance	Information governance and data protection	working	2
performance-analyst	Performance analyst	Performance analyst	6	data-quality	Data quality management	working	2
performance-analyst	Performance analyst	Performance analyst	6	data-deidentification	Pseudonymisation and disclosure control	awareness	1
performance-analyst	Performance analyst	Performance analyst	6	equality-diversity-inclusion	Equality, diversity, and inclusion	working	2
performance-analyst	Performance analyst	Senior performance analyst	7	pcf:analysis-and-insight	Analysis and insight	practitioner	3
performance-analyst	Performance analyst	Senior performance analyst	7	pcf:communicating-analysis-and-insight	Communicating analysis and insight	practitioner	3
performance-analyst	Performance analyst	Senior performance analyst	7	pcf:performance-measurement	Performance measurement	practitioner	3
performance-analyst	Performance analyst	Senior performance analyst	7	pcf:quality-assurance-of-data-and-analysis	Quality assurance of data and analysis	practitioner	3
performance-analyst	Performance analyst	Senior performance analyst	7	pcf:technical-understanding-performance-analyst	Technical understanding (performance analyst)	practitioner	3
performance-analyst	Performance analyst	Senior performance analyst	7	pcf:understanding-analysis-across-the-product-life-cycle	Understanding analysis across the product life cycle	practitioner	3
performance-analyst	Performance analyst	Senior performance analyst	7	pcf:user-centred-analysis	User-centred analysis	practitioner	3
performance-analyst	Performance analyst	Senior performance analyst	7	pcf:working-within-constraints-performance-analyst	Working within constraints (performance analyst)	practitioner	3
performance-analyst	Performance analyst	Senior performance analyst	7	health-care-context	Understanding health and care services	practitioner	3
performance-analyst	Performance analyst	Senior performance analyst	7	information-governance	Information governance and data protection	working	2
performance-analyst	Performance analyst	Senior performance analyst	7	data-quality	Data quality management	practitioner	3
performance-analyst	Performance analyst	Senior performance analyst	7	data-deidentification	Pseudonymisation and disclosure control	working	2
performance-analyst	Performance analyst	Senior performance analyst	7	equality-diversity-inclusion	Equality, diversity, and inclusion	working	2
performance-analyst	Performance analyst	Lead performance analyst	8a	pcf:analysis-and-insight	Analysis and insight	expert	4
performance-analyst	Performance analyst	Lead performance analyst	8a	pcf:communicating-analysis-and-insight	Communicating analysis and insight	expert	4
performance-analyst	Performance analyst	Lead performance analyst	8a	pcf:performance-measurement	Performance measurement	expert	4
performance-analyst	Performance analyst	Lead performance analyst	8a	pcf:quality-assurance-of-data-and-analysis	Quality assurance of data and analysis	expert	4
performance-analyst	Performance analyst	Lead performance analyst	8a	pcf:technical-understanding-performance-analyst	Technical understanding (performance analyst)	expert	4
performance-analyst	Performance analyst	Lead performance analyst	8a	pcf:understanding-analysis-across-the-product-life-cycle	Understanding analysis across the product life cycle	expert	4
performance-analyst	Performance analyst	Lead performance analyst	8a	pcf:user-centred-analysis	User-centred analysis	expert	4
performance-analyst	Performance analyst	Lead performance analyst	8a	pcf:working-within-constraints-performance-analyst	Working within constraints (performance analyst)	expert	4
performance-analyst	Performance analyst	Lead performance analyst	8a	health-care-context	Understanding health and care services	practitioner	3
performance-analyst	Performance analyst	Lead performance analyst	8a	information-governance	Information governance and data protection	practitioner	3
performance-analyst	Performance analyst	Lead performance analyst	8a	data-quality	Data quality management	practitioner	3
performance-analyst	Performance analyst	Lead performance analyst	8a	data-deidentification	Pseudonymisation and disclosure control	working	2
performance-analyst	Performance analyst	Lead performance analyst	8a	people-management	People management	practitioner	3
performance-analyst	Performance analyst	Head of performance analysis	8b	pcf:analysis-and-insight	Analysis and insight	practitioner	3
performance-analyst	Performance analyst	Head of performance analysis	8b	pcf:communicating-analysis-and-insight	Communicating analysis and insight	expert	4
performance-analyst	Performance analyst	Head of performance analysis	8b	pcf:performance-measurement	Performance measurement	expert	4
performance-analyst	Performance analyst	Head of performance analysis	8b	pcf:quality-assurance-of-data-and-analysis	Quality assurance of data and analysis	expert	4
performance-analyst	Performance analyst	Head of performance analysis	8b	pcf:technical-understanding-performance-analyst	Technical understanding (performance analyst)	expert	4
performance-analyst	Performance analyst	Head of performance analysis	8b	pcf:understanding-analysis-across-the-product-life-cycle	Understanding analysis across the product life cycle	expert	4
performance-analyst	Performance analyst	Head of performance analysis	8b	pcf:user-centred-analysis	User-centred analysis	expert	4
performance-analyst	Performance analyst	Head of performance analysis	8b	pcf:working-within-constraints-performance-analyst	Working within constraints (performance analyst)	expert	4
performance-analyst	Performance analyst	Head of performance analysis	8b	health-care-context	Understanding health and care services	expert	4
performance-analyst	Performance analyst	Head of performance analysis	8b	information-governance	Information governance and data protection	practitioner	3
performance-analyst	Performance analyst	Head of performance analysis	8b	data-quality	Data quality management	expert	4
performance-analyst	Performance analyst	Head of performance analysis	8b	equality-diversity-inclusion	Equality, diversity, and inclusion	practitioner	3
performance-analyst	Performance analyst	Head of performance analysis	8b	people-management	People management	practitioner	3
performance-analyst	Performance analyst	Head of performance analysis	8b	budget-management	Budget management	working	2
problem-manager	Problem manager	Problem analyst	5	pcf:asset-and-configuration-management	Asset and configuration management	awareness	1
problem-manager	Problem manager	Problem analyst	5	pcf:availability-and-capacity-management	Availability and capacity management	working	2
problem-manager	Problem manager	Problem analyst	5	pcf:change-management	Change management	awareness	1
problem-manager	Problem manager	Problem analyst	5	pcf:community-collaboration	Community collaboration	working	2
problem-manager	Problem manager	Problem analyst	5	pcf:continual-service-improvement	Continual service improvement	working	2
problem-manager	Problem manager	Problem analyst	5	pcf:continuity-management	Continuity management	awareness	1
problem-manager	Problem manager	Problem analyst	5	pcf:incident-management	Incident management	working	2
problem-manager	Problem manager	Problem analyst	5	pcf:ownership-and-initiative	Ownership and initiative	working	2
problem-manager	Problem manager	Problem analyst	5	pcf:problem-management	Problem management	working	2
problem-manager	Problem manager	Problem analyst	5	pcf:service-focus	Service focus	working	2
problem-manager	Problem manager	Problem analyst	5	pcf:service-management-framework-knowledge	Service management framework knowledge	awareness	1
problem-manager	Problem manager	Problem analyst	5	pcf:technical-understanding	Technical understanding	awareness	1
problem-manager	Problem manager	Problem analyst	5	pcf:user-focus	User focus	working	2
problem-manager	Problem manager	Problem analyst	5	health-care-context	Understanding health and care services	working	2
problem-manager	Problem manager	Problem analyst	5	information-governance	Information governance and data protection	working	2
problem-manager	Problem manager	Problem analyst	5	clinical-safety	Clinical risk management	awareness	1
problem-manager	Problem manager	Problem manager	6	pcf:asset-and-configuration-management	Asset and configuration management	awareness	1
problem-manager	Problem manager	Problem manager	6	pcf:availability-and-capacity-management	Availability and capacity management	working	2
problem-manager	Problem manager	Problem manager	6	pcf:change-management	Change management	working	2
problem-manager	Problem manager	Problem manager	6	pcf:community-collaboration	Community collaboration	practitioner	3
problem-manager	Problem manager	Problem manager	6	pcf:continual-service-improvement	Continual service improvement	practitioner	3
problem-manager	Problem manager	Problem manager	6	pcf:continuity-management	Continuity management	working	2
problem-manager	Problem manager	Problem manager	6	pcf:incident-management	Incident management	practitioner	3
problem-manager	Problem manager	Problem manager	6	pcf:ownership-and-initiative	Ownership and initiative	practitioner	3
problem-manager	Problem manager	Problem manager	6	pcf:problem-management	Problem management	practitioner	3
problem-manager	Problem manager	Problem manager	6	pcf:service-focus	Service focus	practitioner	3
problem-manager	Problem manager	Problem manager	6	pcf:service-management-framework-knowledge	Service management framework knowledge	awareness	1
problem-manager	Problem manager	Problem manager	6	pcf:technical-understanding	Technical understanding	working	2
problem-manager	Problem manager	Problem manager	6	pcf:user-focus	User focus	working	2
problem-manager	Problem manager	Problem manager	6	health-care-context	Understanding health and care services	working	2
problem-manager	Problem manager	Problem manager	6	information-governance	Information governance and data protection	working	2
problem-manager	Problem manager	Problem manager	6	clinical-safety	Clinical risk management	working	2
problem-manager	Problem manager	Problem manager	6	risk-management	Organisational risk management	working	2
procurement-officer	Procurement officer	Procurement assistant	3	proc-purchase-to-pay	Purchase to pay	working	2
procurement-officer	Procurement officer	Procurement assistant	3	proc-procurement-process	Procurement process	awareness	1
procurement-officer	Procurement officer	Procurement assistant	3	proc-procurement-law-and-policy	Public procurement rules and policy	awareness	1
procurement-officer	Procurement officer	Procurement assistant	3	proc-contract-management	Contract management	awareness	1
procurement-officer	Procurement officer	Procurement assistant	3	pcf:communicating-information	Communicating information	awareness	1
procurement-officer	Procurement officer	Procurement assistant	3	information-governance	Information governance and data protection	awareness	1
procurement-officer	Procurement officer	Procurement assistant	3	budget-management	Budget management	awareness	1
procurement-officer	Procurement officer	Buyer	4	proc-procurement-process	Procurement process	working	2
procurement-officer	Procurement officer	Buyer	4	proc-purchase-to-pay	Purchase to pay	practitioner	3
procurement-officer	Procurement officer	Buyer	4	proc-procurement-law-and-policy	Public procurement rules and policy	working	2
procurement-officer	Procurement officer	Buyer	4	proc-technology-procurement	Technology and cloud procurement	working	2
procurement-officer	Procurement officer	Buyer	4	proc-negotiation	Commercial negotiation	working	2
procurement-officer	Procurement officer	Buyer	4	proc-market-analysis	Market analysis and engagement	awareness	1
procurement-officer	Procurement officer	Buyer	4	pcf:creating-value-for-money	Creating value for money	awareness	1
procurement-officer	Procurement officer	Buyer	4	pcf:stakeholder-relationship-management	Stakeholder relationship management	working	2
procurement-officer	Procurement officer	Buyer	4	information-governance	Information governance and data protection	working	2
procurement-officer	Procurement officer	Procurement officer	5	proc-procurement-process	Procurement process	practitioner	3
procurement-officer	Procurement officer	Procurement officer	5	proc-tender-evaluation	Tender evaluation	working	2
procurement-officer	Procurement officer	Procurement officer	5	proc-procurement-law-and-policy	Public procurement rules and policy	working	2
procurement-officer	Procurement officer	Procurement officer	5	proc-technology-procurement	Technology and cloud procurement	working	2
procurement-officer	Procurement officer	Procurement officer	5	proc-market-analysis	Market analysis and engagement	working	2
procurement-officer	Procurement officer	Procurement officer	5	proc-negotiation	Commercial negotiation	working	2
procurement-officer	Procurement officer	Procurement officer	5	proc-social-value	Social value and sustainable procurement	working	2
procurement-officer	Procurement officer	Procurement officer	5	pcf:creating-value-for-money	Creating value for money	working	2
procurement-officer	Procurement officer	Procurement officer	5	pcf:stakeholder-relationship-management	Stakeholder relationship management	working	2
procurement-officer	Procurement officer	Procurement officer	5	information-governance	Information governance and data protection	working	2
procurement-officer	Procurement officer	Senior procurement officer	6	proc-procurement-process	Procurement process	practitioner	3
procurement-officer	Procurement officer	Senior procurement officer	6	proc-tender-evaluation	Tender evaluation	practitioner	3
procurement-officer	Procurement officer	Senior procurement officer	6	proc-procurement-law-and-policy	Public procurement rules and policy	practitioner	3
procurement-officer	Procurement officer	Senior procurement officer	6	proc-technology-procurement	Technology and cloud procurement	practitioner	3
procurement-officer	Procurement officer	Senior procurement officer	6	proc-market-analysis	Market analysis and engagement	practitioner	3
procurement-officer	Procurement officer	Senior procurement officer	6	proc-negotiation	Commercial negotiation	practitioner	3
procurement-officer	Procurement officer	Senior procurement officer	6	proc-social-value	Social value and sustainable procurement	practitioner	3
procurement-officer	Procurement officer	Senior procurement officer	6	pcf:creating-value-for-money	Creating value for money	practitioner	3
procurement-officer	Procurement officer	Senior procurement officer	6	pcf:stakeholder-relationship-management	Stakeholder relationship management	practitioner	3
procurement-officer	Procurement officer	Senior procurement officer	6	people-management	People management	working	2
product-manager	Product manager	Associate product manager	6	pcf:agile-and-lean-practices	Agile and Lean practices	working	2
product-manager	Product manager	Associate product manager	6	pcf:applying-user-centred-insights	Applying user-centred insights	working	2
product-manager	Product manager	Associate product manager	6	pcf:creating-value-for-money	Creating value for money	awareness	1
product-manager	Product manager	Associate product manager	6	pcf:life-cycle-management	Life cycle management	awareness	1
product-manager	Product manager	Associate product manager	6	pcf:managing-product-outcomes	Managing product outcomes	awareness	1
product-manager	Product manager	Associate product manager	6	pcf:product-leadership	Product leadership	awareness	1
product-manager	Product manager	Associate product manager	6	pcf:product-management	Product management	working	2
product-manager	Product manager	Associate product manager	6	pcf:stakeholder-relationship-management	Stakeholder relationship management	working	2
product-manager	Product manager	Associate product manager	6	pcf:strategic-ownership	Strategic ownership	awareness	1
product-manager	Product manager	Associate product manager	6	health-care-context	Understanding health and care services	working	2
product-manager	Product manager	Associate product manager	6	clinical-safety	Clinical risk management	awareness	1
product-manager	Product manager	Associate product manager	6	information-governance	Information governance and data protection	awareness	1
product-manager	Product manager	Associate product manager	6	medical-device-regulation	Medical device software regulation	awareness	1
product-manager	Product manager	Product manager	7	pcf:agile-and-lean-practices	Agile and Lean practices	practitioner	3
product-manager	Product manager	Product manager	7	pcf:applying-user-centred-insights	Applying user-centred insights	practitioner	3
product-manager	Product manager	Product manager	7	pcf:creating-value-for-money	Creating value for money	working	2
product-manager	Product manager	Product manager	7	pcf:life-cycle-management	Life cycle management	working	2
product-manager	Product manager	Product manager	7	pcf:managing-product-outcomes	Managing product outcomes	working	2
product-manager	Product manager	Product manager	7	pcf:product-leadership	Product leadership	working	2
product-manager	Product manager	Product manager	7	pcf:product-management	Product management	practitioner	3
product-manager	Product manager	Product manager	7	pcf:stakeholder-relationship-management	Stakeholder relationship management	practitioner	3
product-manager	Product manager	Product manager	7	pcf:strategic-ownership	Strategic ownership	working	2
product-manager	Product manager	Product manager	7	health-care-context	Understanding health and care services	working	2
product-manager	Product manager	Product manager	7	clinical-safety	Clinical risk management	working	2
product-manager	Product manager	Product manager	7	information-governance	Information governance and data protection	working	2
product-manager	Product manager	Product manager	7	medical-device-regulation	Medical device software regulation	awareness	1
product-manager	Product manager	Product manager	7	equality-diversity-inclusion	Equality, diversity, and inclusion	working	2
product-manager	Product manager	Senior product manager	8a	pcf:agile-and-lean-practices	Agile and Lean practices	practitioner	3
product-manager	Product manager	Senior product manager	8a	pcf:applying-user-centred-insights	Applying user-centred insights	practitioner	3
product-manager	Product manager	Senior product manager	8a	pcf:creating-value-for-money	Creating value for money	practitioner	3
product-manager	Product manager	Senior product manager	8a	pcf:life-cycle-management	Life cycle management	practitioner	3
product-manager	Product manager	Senior product manager	8a	pcf:managing-product-outcomes	Managing product outcomes	practitioner	3
product-manager	Product manager	Senior product manager	8a	pcf:product-leadership	Product leadership	practitioner	3
product-manager	Product manager	Senior product manager	8a	pcf:product-management	Product management	expert	4
product-manager	Product manager	Senior product manager	8a	pcf:stakeholder-relationship-management	Stakeholder relationship management	practitioner	3
product-manager	Product manager	Senior product manager	8a	pcf:strategic-ownership	Strategic ownership	practitioner	3
product-manager	Product manager	Senior product manager	8a	health-care-context	Understanding health and care services	practitioner	3
product-manager	Product manager	Senior product manager	8a	clinical-safety	Clinical risk management	working	2
product-manager	Product manager	Senior product manager	8a	information-governance	Information governance and data protection	working	2
product-manager	Product manager	Senior product manager	8a	medical-device-regulation	Medical device software regulation	working	2
product-manager	Product manager	Senior product manager	8a	equality-diversity-inclusion	Equality, diversity, and inclusion	working	2
product-manager	Product manager	Senior product manager	8a	people-management	People management	working	2
product-manager	Product manager	Lead product manager	8b	pcf:agile-and-lean-practices	Agile and Lean practices	expert	4
product-manager	Product manager	Lead product manager	8b	pcf:applying-user-centred-insights	Applying user-centred insights	expert	4
product-manager	Product manager	Lead product manager	8b	pcf:creating-value-for-money	Creating value for money	practitioner	3
product-manager	Product manager	Lead product manager	8b	pcf:life-cycle-management	Life cycle management	expert	4
product-manager	Product manager	Lead product manager	8b	pcf:managing-product-outcomes	Managing product outcomes	practitioner	3
product-manager	Product manager	Lead product manager	8b	pcf:product-leadership	Product leadership	practitioner	3
product-manager	Product manager	Lead product manager	8b	pcf:product-management	Product management	expert	4
product-manager	Product manager	Lead product manager	8b	pcf:stakeholder-relationship-management	Stakeholder relationship management	expert	4
product-manager	Product manager	Lead product manager	8b	pcf:strategic-ownership	Strategic ownership	expert	4
product-manager	Product manager	Lead product manager	8b	health-care-context	Understanding health and care services	practitioner	3
product-manager	Product manager	Lead product manager	8b	clinical-safety	Clinical risk management	practitioner	3
product-manager	Product manager	Lead product manager	8b	information-governance	Information governance and data protection	practitioner	3
product-manager	Product manager	Lead product manager	8b	medical-device-regulation	Medical device software regulation	working	2
product-manager	Product manager	Lead product manager	8b	equality-diversity-inclusion	Equality, diversity, and inclusion	practitioner	3
product-manager	Product manager	Lead product manager	8b	people-management	People management	practitioner	3
product-manager	Product manager	Lead product manager	8b	budget-management	Budget management	working	2
product-manager	Product manager	Head of product	8c	pcf:agile-and-lean-practices	Agile and Lean practices	expert	4
product-manager	Product manager	Head of product	8c	pcf:applying-user-centred-insights	Applying user-centred insights	expert	4
product-manager	Product manager	Head of product	8c	pcf:creating-value-for-money	Creating value for money	expert	4
product-manager	Product manager	Head of product	8c	pcf:life-cycle-management	Life cycle management	expert	4
product-manager	Product manager	Head of product	8c	pcf:managing-product-outcomes	Managing product outcomes	expert	4
product-manager	Product manager	Head of product	8c	pcf:product-leadership	Product leadership	expert	4
product-manager	Product manager	Head of product	8c	pcf:product-management	Product management	expert	4
product-manager	Product manager	Head of product	8c	pcf:stakeholder-relationship-management	Stakeholder relationship management	expert	4
product-manager	Product manager	Head of product	8c	pcf:strategic-ownership	Strategic ownership	expert	4
product-manager	Product manager	Head of product	8c	health-care-context	Understanding health and care services	expert	4
product-manager	Product manager	Head of product	8c	clinical-safety	Clinical risk management	practitioner	3
product-manager	Product manager	Head of product	8c	information-governance	Information governance and data protection	practitioner	3
product-manager	Product manager	Head of product	8c	medical-device-regulation	Medical device software regulation	practitioner	3
product-manager	Product manager	Head of product	8c	equality-diversity-inclusion	Equality, diversity, and inclusion	practitioner	3
product-manager	Product manager	Head of product	8c	people-management	People management	expert	4
product-manager	Product manager	Head of product	8c	budget-management	Budget management	practitioner	3
programme-delivery-manager	Programme delivery manager	Programme delivery manager	8b	pcf:agile-and-lean-practices	Agile and Lean practices	expert	4
programme-delivery-manager	Programme delivery manager	Programme delivery manager	8b	pcf:commercial-management	Commercial management	expert	4
programme-delivery-manager	Programme delivery manager	Programme delivery manager	8b	pcf:communicating-between-the-technical-and-non-technical	Communicating between the technical and non-technical	expert	4
programme-delivery-manager	Programme delivery manager	Programme delivery manager	8b	pcf:community-collaboration	Community collaboration	expert	4
programme-delivery-manager	Programme delivery manager	Programme delivery manager	8b	pcf:financial-management	Financial management	expert	4
programme-delivery-manager	Programme delivery manager	Programme delivery manager	8b	pcf:life-cycle-management	Life cycle management	expert	4
programme-delivery-manager	Programme delivery manager	Programme delivery manager	8b	pcf:maintaining-delivery-momentum	Maintaining delivery momentum	expert	4
programme-delivery-manager	Programme delivery manager	Programme delivery manager	8b	pcf:making-a-process-work	Making a process work	expert	4
programme-delivery-manager	Programme delivery manager	Programme delivery manager	8b	pcf:planning	Planning	expert	4
programme-delivery-manager	Programme delivery manager	Programme delivery manager	8b	health-care-context	Understanding health and care services	practitioner	3
programme-delivery-manager	Programme delivery manager	Programme delivery manager	8b	clinical-safety	Clinical risk management	working	2
programme-delivery-manager	Programme delivery manager	Programme delivery manager	8b	information-governance	Information governance and data protection	working	2
programme-delivery-manager	Programme delivery manager	Programme delivery manager	8b	risk-management	Organisational risk management	practitioner	3
programme-delivery-manager	Programme delivery manager	Programme delivery manager	8b	budget-management	Budget management	practitioner	3
programme-delivery-manager	Programme delivery manager	Programme delivery manager	8b	people-management	People management	practitioner	3
programme-delivery-manager	Programme delivery manager	Programme delivery manager	8b	project-management	Project management	practitioner	3
programme-delivery-manager	Programme delivery manager	Senior programme delivery manager	8c	pcf:agile-and-lean-practices	Agile and Lean practices	expert	4
programme-delivery-manager	Programme delivery manager	Senior programme delivery manager	8c	pcf:commercial-management	Commercial management	expert	4
programme-delivery-manager	Programme delivery manager	Senior programme delivery manager	8c	pcf:communicating-between-the-technical-and-non-technical	Communicating between the technical and non-technical	expert	4
programme-delivery-manager	Programme delivery manager	Senior programme delivery manager	8c	pcf:community-collaboration	Community collaboration	expert	4
programme-delivery-manager	Programme delivery manager	Senior programme delivery manager	8c	pcf:financial-management	Financial management	expert	4
programme-delivery-manager	Programme delivery manager	Senior programme delivery manager	8c	pcf:life-cycle-management	Life cycle management	expert	4
programme-delivery-manager	Programme delivery manager	Senior programme delivery manager	8c	pcf:maintaining-delivery-momentum	Maintaining delivery momentum	expert	4
programme-delivery-manager	Programme delivery manager	Senior programme delivery manager	8c	pcf:making-a-process-work	Making a process work	expert	4
programme-delivery-manager	Programme delivery manager	Senior programme delivery manager	8c	pcf:planning	Planning	expert	4
programme-delivery-manager	Programme delivery manager	Senior programme delivery manager	8c	health-care-context	Understanding health and care services	expert	4
programme-delivery-manager	Programme delivery manager	Senior programme delivery manager	8c	clinical-safety	Clinical risk management	practitioner	3
programme-delivery-manager	Programme delivery manager	Senior programme delivery manager	8c	information-governance	Information governance and data protection	practitioner	3
programme-delivery-manager	Programme delivery manager	Senior programme delivery manager	8c	risk-management	Organisational risk management	expert	4
programme-delivery-manager	Programme delivery manager	Senior programme delivery manager	8c	budget-management	Budget management	expert	4
programme-delivery-manager	Programme delivery manager	Senior programme delivery manager	8c	people-management	People management	expert	4
programme-delivery-manager	Programme delivery manager	Senior programme delivery manager	8c	project-management	Project management	expert	4
programme-delivery-manager	Programme delivery manager	Senior programme delivery manager	8c	governance-and-compliance	Corporate governance and compliance	working	2
project-manager	Project manager	Assistant project manager	5	project-management	Project management	working	2
project-manager	Project manager	Assistant project manager	5	pcf:planning	Planning	working	2
project-manager	Project manager	Assistant project manager	5	pcf:stakeholder-relationship-management	Stakeholder relationship management	awareness	1
project-manager	Project manager	Assistant project manager	5	pcf:communicating-information	Communicating information	working	2
project-manager	Project manager	Assistant project manager	5	pcf:managing-decisions-and-risks	Managing decisions and risks	awareness	1
project-manager	Project manager	Assistant project manager	5	health-care-context	Understanding health and care services	awareness	1
project-manager	Project manager	Assistant project manager	5	clinical-safety	Clinical risk management	awareness	1
project-manager	Project manager	Assistant project manager	5	information-governance	Information governance and data protection	awareness	1
project-manager	Project manager	Project manager	6	project-management	Project management	practitioner	3
project-manager	Project manager	Project manager	6	pcf:planning	Planning	practitioner	3
project-manager	Project manager	Project manager	6	pcf:stakeholder-relationship-management	Stakeholder relationship management	working	2
project-manager	Project manager	Project manager	6	pcf:communicating-information	Communicating information	working	2
project-manager	Project manager	Project manager	6	pcf:managing-decisions-and-risks	Managing decisions and risks	working	2
project-manager	Project manager	Project manager	6	pcf:financial-management	Financial management	working	2
project-manager	Project manager	Project manager	6	health-care-context	Understanding health and care services	working	2
project-manager	Project manager	Project manager	6	clinical-safety	Clinical risk management	working	2
project-manager	Project manager	Project manager	6	information-governance	Information governance and data protection	working	2
project-manager	Project manager	Senior project manager	7	project-management	Project management	expert	4
project-manager	Project manager	Senior project manager	7	pcf:planning	Planning	practitioner	3
project-manager	Project manager	Senior project manager	7	pcf:stakeholder-relationship-management	Stakeholder relationship management	practitioner	3
project-manager	Project manager	Senior project manager	7	pcf:managing-decisions-and-risks	Managing decisions and risks	practitioner	3
project-manager	Project manager	Senior project manager	7	pcf:financial-management	Financial management	practitioner	3
project-manager	Project manager	Senior project manager	7	pcf:commercial-management	Commercial management	working	2
project-manager	Project manager	Senior project manager	7	health-care-context	Understanding health and care services	working	2
project-manager	Project manager	Senior project manager	7	clinical-safety	Clinical risk management	working	2
project-manager	Project manager	Senior project manager	7	information-governance	Information governance and data protection	working	2
project-manager	Project manager	Senior project manager	7	people-management	People management	working	2
project-manager	Project manager	Lead project manager	8a	project-management	Project management	expert	4
project-manager	Project manager	Lead project manager	8a	pcf:planning	Planning	expert	4
project-manager	Project manager	Lead project manager	8a	pcf:stakeholder-relationship-management	Stakeholder relationship management	practitioner	3
project-manager	Project manager	Lead project manager	8a	pcf:managing-decisions-and-risks	Managing decisions and risks	practitioner	3
project-manager	Project manager	Lead project manager	8a	pcf:financial-management	Financial management	practitioner	3
project-manager	Project manager	Lead project manager	8a	pcf:commercial-management	Commercial management	practitioner	3
project-manager	Project manager	Lead project manager	8a	risk-management	Organisational risk management	practitioner	3
project-manager	Project manager	Lead project manager	8a	health-care-context	Understanding health and care services	practitioner	3
project-manager	Project manager	Lead project manager	8a	clinical-safety	Clinical risk management	working	2
project-manager	Project manager	Lead project manager	8a	people-management	People management	practitioner	3
project-manager	Project manager	Head of project management	8b	project-management	Project management	expert	4
project-manager	Project manager	Head of project management	8b	pcf:planning	Planning	expert	4
project-manager	Project manager	Head of project management	8b	pcf:stakeholder-relationship-management	Stakeholder relationship management	expert	4
project-manager	Project manager	Head of project management	8b	pcf:managing-decisions-and-risks	Managing decisions and risks	expert	4
project-manager	Project manager	Head of project management	8b	pcf:leadership-and-guidance	Leadership and guidance	practitioner	3
project-manager	Project manager	Head of project management	8b	pcf:financial-management	Financial management	practitioner	3
project-manager	Project manager	Head of project management	8b	risk-management	Organisational risk management	practitioner	3
project-manager	Project manager	Head of project management	8b	health-care-context	Understanding health and care services	practitioner	3
project-manager	Project manager	Head of project management	8b	people-management	People management	practitioner	3
project-manager	Project manager	Head of project management	8b	budget-management	Budget management	practitioner	3
project-support-officer	Project support officer	Project support officer	3	corp-pmo-reporting	Project and portfolio office support	awareness	1
project-support-officer	Project support officer	Project support officer	3	project-management	Project management	awareness	1
project-support-officer	Project support officer	Project support officer	3	corp-administration	Office administration	working	2
project-support-officer	Project support officer	Project support officer	3	corp-office-software	Digital office tools	working	2
project-support-officer	Project support officer	Project support officer	3	corp-diary-and-meeting-management	Diary and meeting management	working	2
project-support-officer	Project support officer	Project support officer	3	corp-minute-taking	Minute-taking and meeting records	working	2
project-support-officer	Project support officer	Project support officer	3	information-governance	Information governance and data protection	awareness	1
project-support-officer	Project support officer	Project coordinator	4	corp-pmo-reporting	Project and portfolio office support	working	2
project-support-officer	Project support officer	Project coordinator	4	project-management	Project management	working	2
project-support-officer	Project support officer	Project coordinator	4	corp-office-software	Digital office tools	practitioner	3
project-support-officer	Project support officer	Project coordinator	4	corp-minute-taking	Minute-taking and meeting records	working	2
project-support-officer	Project support officer	Project coordinator	4	risk-management	Organisational risk management	awareness	1
project-support-officer	Project support officer	Project coordinator	4	budget-management	Budget management	awareness	1
project-support-officer	Project support officer	Project coordinator	4	clinical-safety	Clinical risk management	awareness	1
project-support-officer	Project support officer	Project coordinator	4	pcf:communicating-information	Communicating information	working	2
project-support-officer	Project support officer	PMO analyst	5	corp-pmo-reporting	Project and portfolio office support	practitioner	3
project-support-officer	Project support officer	PMO analyst	5	project-management	Project management	working	2
project-support-officer	Project support officer	PMO analyst	5	risk-management	Organisational risk management	working	2
project-support-officer	Project support officer	PMO analyst	5	budget-management	Budget management	working	2
project-support-officer	Project support officer	PMO analyst	5	corp-office-software	Digital office tools	practitioner	3
project-support-officer	Project support officer	PMO analyst	5	pcf:communicating-information	Communicating information	working	2
project-support-officer	Project support officer	PMO analyst	5	pcf:planning	Planning	working	2
project-support-officer	Project support officer	PMO manager	6	corp-pmo-reporting	Project and portfolio office support	expert	4
project-support-officer	Project support officer	PMO manager	6	project-management	Project management	practitioner	3
project-support-officer	Project support officer	PMO manager	6	risk-management	Organisational risk management	practitioner	3
project-support-officer	Project support officer	PMO manager	6	budget-management	Budget management	working	2
project-support-officer	Project support officer	PMO manager	6	people-management	People management	practitioner	3
project-support-officer	Project support officer	PMO manager	6	governance-and-compliance	Corporate governance and compliance	working	2
project-support-officer	Project support officer	PMO manager	6	pcf:planning	Planning	practitioner	3
project-support-officer	Project support officer	PMO manager	6	pcf:stakeholder-relationship-management	Stakeholder relationship management	working	2
quality-assurance-test-analyst	Quality assurance test analyst	Associate quality assurance test analyst	4	pcf:communicating-between-the-technical-and-non-technical	Communicating between the technical and non-technical	awareness	1
quality-assurance-test-analyst	Quality assurance test analyst	Associate quality assurance test analyst	4	pcf:designing-and-executing-tests	Designing and executing tests	awareness	1
quality-assurance-test-analyst	Quality assurance test analyst	Associate quality assurance test analyst	4	pcf:managing-reporting-and-resolving-defects	Managing, reporting and resolving defects	awareness	1
quality-assurance-test-analyst	Quality assurance test analyst	Associate quality assurance test analyst	4	pcf:test-analysis	Test analysis	awareness	1
quality-assurance-test-analyst	Quality assurance test analyst	Associate quality assurance test analyst	4	pcf:test-and-quality-planning	Test and quality planning	awareness	1
quality-assurance-test-analyst	Quality assurance test analyst	Associate quality assurance test analyst	4	pcf:test-engineering	Test engineering	awareness	1
quality-assurance-test-analyst	Quality assurance test analyst	Associate quality assurance test analyst	4	health-care-context	Understanding health and care services	awareness	1
quality-assurance-test-analyst	Quality assurance test analyst	Associate quality assurance test analyst	4	clinical-safety	Clinical risk management	awareness	1
quality-assurance-test-analyst	Quality assurance test analyst	Associate quality assurance test analyst	4	information-governance	Information governance and data protection	awareness	1
quality-assurance-test-analyst	Quality assurance test analyst	Quality assurance test analyst	5	pcf:communicating-between-the-technical-and-non-technical	Communicating between the technical and non-technical	working	2
quality-assurance-test-analyst	Quality assurance test analyst	Quality assurance test analyst	5	pcf:designing-and-executing-tests	Designing and executing tests	working	2
quality-assurance-test-analyst	Quality assurance test analyst	Quality assurance test analyst	5	pcf:managing-reporting-and-resolving-defects	Managing, reporting and resolving defects	working	2
quality-assurance-test-analyst	Quality assurance test analyst	Quality assurance test analyst	5	pcf:test-analysis	Test analysis	working	2
quality-assurance-test-analyst	Quality assurance test analyst	Quality assurance test analyst	5	pcf:test-and-quality-planning	Test and quality planning	working	2
quality-assurance-test-analyst	Quality assurance test analyst	Quality assurance test analyst	5	pcf:test-engineering	Test engineering	awareness	1
quality-assurance-test-analyst	Quality assurance test analyst	Quality assurance test analyst	5	health-care-context	Understanding health and care services	working	2
quality-assurance-test-analyst	Quality assurance test analyst	Quality assurance test analyst	5	clinical-safety	Clinical risk management	working	2
quality-assurance-test-analyst	Quality assurance test analyst	Quality assurance test analyst	5	information-governance	Information governance and data protection	working	2
quality-assurance-test-analyst	Quality assurance test analyst	Quality assurance test analyst	5	health-data-interoperability	Health data interoperability	awareness	1
quality-assurance-test-analyst	Quality assurance test analyst	Senior quality assurance test analyst	6	pcf:communicating-between-the-technical-and-non-technical	Communicating between the technical and non-technical	practitioner	3
quality-assurance-test-analyst	Quality assurance test analyst	Senior quality assurance test analyst	6	pcf:designing-and-executing-tests	Designing and executing tests	practitioner	3
quality-assurance-test-analyst	Quality assurance test analyst	Senior quality assurance test analyst	6	pcf:managing-reporting-and-resolving-defects	Managing, reporting and resolving defects	practitioner	3
quality-assurance-test-analyst	Quality assurance test analyst	Senior quality assurance test analyst	6	pcf:test-analysis	Test analysis	practitioner	3
quality-assurance-test-analyst	Quality assurance test analyst	Senior quality assurance test analyst	6	pcf:test-and-quality-planning	Test and quality planning	practitioner	3
quality-assurance-test-analyst	Quality assurance test analyst	Senior quality assurance test analyst	6	pcf:test-engineering	Test engineering	awareness	1
quality-assurance-test-analyst	Quality assurance test analyst	Senior quality assurance test analyst	6	health-care-context	Understanding health and care services	working	2
quality-assurance-test-analyst	Quality assurance test analyst	Senior quality assurance test analyst	6	clinical-safety	Clinical risk management	working	2
quality-assurance-test-analyst	Quality assurance test analyst	Senior quality assurance test analyst	6	information-governance	Information governance and data protection	working	2
quality-assurance-test-analyst	Quality assurance test analyst	Senior quality assurance test analyst	6	health-data-interoperability	Health data interoperability	working	2
quality-assurance-test-analyst	Quality assurance test analyst	Senior quality assurance test analyst	6	pcf:business-and-user-acceptance-testing	Business and user acceptance testing	practitioner	3
quality-assurance-test-analyst	Quality assurance test analyst	Lead quality assurance test analyst	8a	pcf:communicating-between-the-technical-and-non-technical	Communicating between the technical and non-technical	expert	4
quality-assurance-test-analyst	Quality assurance test analyst	Lead quality assurance test analyst	8a	pcf:designing-and-executing-tests	Designing and executing tests	expert	4
quality-assurance-test-analyst	Quality assurance test analyst	Lead quality assurance test analyst	8a	pcf:managing-reporting-and-resolving-defects	Managing, reporting and resolving defects	expert	4
quality-assurance-test-analyst	Quality assurance test analyst	Lead quality assurance test analyst	8a	pcf:test-analysis	Test analysis	expert	4
quality-assurance-test-analyst	Quality assurance test analyst	Lead quality assurance test analyst	8a	pcf:test-and-quality-planning	Test and quality planning	expert	4
quality-assurance-test-analyst	Quality assurance test analyst	Lead quality assurance test analyst	8a	pcf:test-engineering	Test engineering	awareness	1
quality-assurance-test-analyst	Quality assurance test analyst	Lead quality assurance test analyst	8a	health-care-context	Understanding health and care services	practitioner	3
quality-assurance-test-analyst	Quality assurance test analyst	Lead quality assurance test analyst	8a	clinical-safety	Clinical risk management	practitioner	3
quality-assurance-test-analyst	Quality assurance test analyst	Lead quality assurance test analyst	8a	information-governance	Information governance and data protection	working	2
quality-assurance-test-analyst	Quality assurance test analyst	Lead quality assurance test analyst	8a	health-data-interoperability	Health data interoperability	working	2
quality-assurance-test-analyst	Quality assurance test analyst	Lead quality assurance test analyst	8a	medical-device-regulation	Medical device software regulation	working	2
quality-assurance-test-analyst	Quality assurance test analyst	Lead quality assurance test analyst	8a	people-management	People management	working	2
records-officer	Health records officer	Records assistant	2	health-records-management	Health records management	awareness	1
records-officer	Health records officer	Records assistant	2	ig-records-retention	Records retention and disposal	awareness	1
records-officer	Health records officer	Records assistant	2	information-governance	Information governance and data protection	awareness	1
records-officer	Health records officer	Records assistant	2	ig-confidentiality-and-sharing	Confidentiality and information sharing	awareness	1
records-officer	Health records officer	Records assistant	2	corp-administration	Office administration	awareness	1
records-officer	Health records officer	Records assistant	2	corp-office-software	Digital office tools	awareness	1
records-officer	Health records officer	Records assistant	2	data-quality	Data quality management	awareness	1
records-officer	Health records officer	Records officer	3	health-records-management	Health records management	working	2
records-officer	Health records officer	Records officer	3	ig-records-retention	Records retention and disposal	working	2
records-officer	Health records officer	Records officer	3	ig-information-rights-requests	Information rights requests	awareness	1
records-officer	Health records officer	Records officer	3	information-governance	Information governance and data protection	working	2
records-officer	Health records officer	Records officer	3	ig-confidentiality-and-sharing	Confidentiality and information sharing	working	2
records-officer	Health records officer	Records officer	3	corp-correspondence-management	Correspondence and enquiry handling	working	2
records-officer	Health records officer	Records officer	3	data-quality	Data quality management	working	2
records-officer	Health records officer	Senior records officer	4	health-records-management	Health records management	working	2
records-officer	Health records officer	Senior records officer	4	ig-records-retention	Records retention and disposal	working	2
records-officer	Health records officer	Senior records officer	4	ig-information-rights-requests	Information rights requests	working	2
records-officer	Health records officer	Senior records officer	4	ig-confidentiality-and-sharing	Confidentiality and information sharing	working	2
records-officer	Health records officer	Senior records officer	4	ig-incident-management	Information governance incident management	working	2
records-officer	Health records officer	Senior records officer	4	data-quality	Data quality management	working	2
records-officer	Health records officer	Senior records officer	4	people-management	People management	working	2
records-officer	Health records officer	Health records manager	5	health-records-management	Health records management	practitioner	3
records-officer	Health records officer	Health records manager	5	ig-records-retention	Records retention and disposal	practitioner	3
records-officer	Health records officer	Health records manager	5	ig-information-rights-requests	Information rights requests	working	2
records-officer	Health records officer	Health records manager	5	ig-compliance-assurance	Information governance assurance and audit	working	2
records-officer	Health records officer	Health records manager	5	information-governance	Information governance and data protection	working	2
records-officer	Health records officer	Health records manager	5	data-quality	Data quality management	practitioner	3
records-officer	Health records officer	Health records manager	5	people-management	People management	practitioner	3
records-officer	Health records officer	Health records manager	5	project-management	Project management	working	2
recruitment-officer	Recruitment officer	Recruitment assistant	3	hr-recruitment-and-selection	Recruitment and selection	working	2
recruitment-officer	Recruitment officer	Recruitment assistant	3	hr-hr-administration	HR administration	working	2
recruitment-officer	Recruitment officer	Recruitment assistant	3	hr-talent-attraction	Talent attraction and sourcing	awareness	1
recruitment-officer	Recruitment officer	Recruitment assistant	3	hr-workforce-information	Workforce information and HR systems	awareness	1
recruitment-officer	Recruitment officer	Recruitment assistant	3	information-governance	Information governance and data protection	working	2
recruitment-officer	Recruitment officer	Recruitment assistant	3	pcf:communicating-information	Communicating information	awareness	1
recruitment-officer	Recruitment officer	Recruitment assistant	3	equality-diversity-inclusion	Equality, diversity, and inclusion	awareness	1
recruitment-officer	Recruitment officer	Recruitment officer	4	hr-recruitment-and-selection	Recruitment and selection	practitioner	3
recruitment-officer	Recruitment officer	Recruitment officer	4	hr-talent-attraction	Talent attraction and sourcing	working	2
recruitment-officer	Recruitment officer	Recruitment officer	4	hr-hr-administration	HR administration	working	2
recruitment-officer	Recruitment officer	Recruitment officer	4	hr-employment-policy	Employment law and people policy	working	2
recruitment-officer	Recruitment officer	Recruitment officer	4	hr-workforce-information	Workforce information and HR systems	working	2
recruitment-officer	Recruitment officer	Recruitment officer	4	information-governance	Information governance and data protection	working	2
recruitment-officer	Recruitment officer	Recruitment officer	4	pcf:stakeholder-relationship-management	Stakeholder relationship management	working	2
recruitment-officer	Recruitment officer	Recruitment officer	4	equality-diversity-inclusion	Equality, diversity, and inclusion	working	2
recruitment-officer	Recruitment officer	Digital talent partner	5	hr-talent-attraction	Talent attraction and sourcing	practitioner	3
recruitment-officer	Recruitment officer	Digital talent partner	5	hr-recruitment-and-selection	Recruitment and selection	practitioner	3
recruitment-officer	Recruitment officer	Digital talent partner	5	hr-skills-frameworks-and-career-pathways	Skills frameworks and career pathways	working	2
recruitment-officer	Recruitment officer	Digital talent partner	5	hr-reward-and-job-evaluation	Reward and job evaluation	working	2
recruitment-officer	Recruitment officer	Digital talent partner	5	hr-workforce-information	Workforce information and HR systems	working	2
recruitment-officer	Recruitment officer	Digital talent partner	5	pcf:stakeholder-relationship-management	Stakeholder relationship management	practitioner	3
recruitment-officer	Recruitment officer	Digital talent partner	5	pcf:communicating-information	Communicating information	working	2
recruitment-officer	Recruitment officer	Digital talent partner	5	equality-diversity-inclusion	Equality, diversity, and inclusion	working	2
recruitment-officer	Recruitment officer	Digital talent partner	5	budget-management	Budget management	working	2
recruitment-officer	Recruitment officer	Recruitment manager	6	hr-recruitment-and-selection	Recruitment and selection	expert	4
recruitment-officer	Recruitment officer	Recruitment manager	6	hr-talent-attraction	Talent attraction and sourcing	practitioner	3
recruitment-officer	Recruitment officer	Recruitment manager	6	hr-workforce-information	Workforce information and HR systems	practitioner	3
recruitment-officer	Recruitment officer	Recruitment manager	6	hr-employment-policy	Employment law and people policy	working	2
recruitment-officer	Recruitment officer	Recruitment manager	6	people-management	People management	practitioner	3
recruitment-officer	Recruitment officer	Recruitment manager	6	budget-management	Budget management	working	2
recruitment-officer	Recruitment officer	Recruitment manager	6	pcf:stakeholder-relationship-management	Stakeholder relationship management	practitioner	3
recruitment-officer	Recruitment officer	Recruitment manager	6	equality-diversity-inclusion	Equality, diversity, and inclusion	practitioner	3
recruitment-officer	Recruitment officer	Recruitment manager	6	information-governance	Information governance and data protection	working	2
security-analyst	Security operations analyst	Junior security operations analyst	5	security-operations	Security operations	working	2
security-analyst	Security operations analyst	Junior security operations analyst	5	vulnerability-management	Vulnerability management	working	2
security-analyst	Security operations analyst	Junior security operations analyst	5	identity-and-access-management	Identity and access management	awareness	1
security-analyst	Security operations analyst	Junior security operations analyst	5	information-governance	Information governance and data protection	working	2
security-analyst	Security operations analyst	Junior security operations analyst	5	health-care-context	Understanding health and care services	awareness	1
security-analyst	Security operations analyst	Junior security operations analyst	5	pcf:cyber-incident-management	Cyber incident management	awareness	1
security-analyst	Security operations analyst	Junior security operations analyst	5	pcf:information-security	Information security	awareness	1
security-analyst	Security operations analyst	Junior security operations analyst	5	pcf:security-technology	Security technology	awareness	1
security-analyst	Security operations analyst	Security operations analyst	6	security-operations	Security operations	practitioner	3
security-analyst	Security operations analyst	Security operations analyst	6	vulnerability-management	Vulnerability management	working	2
security-analyst	Security operations analyst	Security operations analyst	6	identity-and-access-management	Identity and access management	working	2
security-analyst	Security operations analyst	Security operations analyst	6	information-governance	Information governance and data protection	working	2
security-analyst	Security operations analyst	Security operations analyst	6	health-care-context	Understanding health and care services	working	2
security-analyst	Security operations analyst	Security operations analyst	6	risk-management	Organisational risk management	awareness	1
security-analyst	Security operations analyst	Security operations analyst	6	pcf:cyber-incident-management	Cyber incident management	working	2
security-analyst	Security operations analyst	Security operations analyst	6	pcf:information-security	Information security	working	2
security-analyst	Security operations analyst	Security operations analyst	6	pcf:security-technology	Security technology	working	2
security-analyst	Security operations analyst	Senior security operations analyst	7	security-operations	Security operations	practitioner	3
security-analyst	Security operations analyst	Senior security operations analyst	7	vulnerability-management	Vulnerability management	practitioner	3
security-analyst	Security operations analyst	Senior security operations analyst	7	identity-and-access-management	Identity and access management	working	2
security-analyst	Security operations analyst	Senior security operations analyst	7	information-governance	Information governance and data protection	working	2
security-analyst	Security operations analyst	Senior security operations analyst	7	health-care-context	Understanding health and care services	working	2
security-analyst	Security operations analyst	Senior security operations analyst	7	risk-management	Organisational risk management	working	2
security-analyst	Security operations analyst	Senior security operations analyst	7	pcf:cyber-incident-management	Cyber incident management	practitioner	3
security-analyst	Security operations analyst	Senior security operations analyst	7	pcf:cyber-risk-management	Cyber risk management	working	2
security-analyst	Security operations analyst	Senior security operations analyst	7	pcf:information-security	Information security	practitioner	3
security-analyst	Security operations analyst	Senior security operations analyst	7	pcf:security-technology	Security technology	practitioner	3
security-architect	Security architect	Security architect	7	pcf:analysis	Analysis	working	2
security-architect	Security architect	Security architect	7	pcf:communication-security-architect	Communication (security architect)	practitioner	3
security-architect	Security architect	Security architect	7	pcf:designing-secure-systems	Designing secure systems	working	2
security-architect	Security architect	Security architect	7	pcf:enabling-and-informing-risk-based-decisions	Enabling and informing risk-based decisions	working	2
security-architect	Security architect	Security architect	7	pcf:research-and-innovation	Research and innovation	working	2
security-architect	Security architect	Security architect	7	pcf:security-technology	Security technology	working	2
security-architect	Security architect	Security architect	7	pcf:understanding-security-implications-of-transformation	Understanding security implications of transformation	working	2
security-architect	Security architect	Security architect	7	health-care-context	Understanding health and care services	working	2
security-architect	Security architect	Security architect	7	information-governance	Information governance and data protection	practitioner	3
security-architect	Security architect	Security architect	7	identity-and-access-management	Identity and access management	practitioner	3
security-architect	Security architect	Security architect	7	vulnerability-management	Vulnerability management	working	2
security-architect	Security architect	Security architect	7	clinical-safety	Clinical risk management	working	2
security-architect	Security architect	Security architect	7	medical-device-regulation	Medical device software regulation	awareness	1
security-architect	Security architect	Lead security architect	8b	pcf:analysis	Analysis	practitioner	3
security-architect	Security architect	Lead security architect	8b	pcf:communication-security-architect	Communication (security architect)	practitioner	3
security-architect	Security architect	Lead security architect	8b	pcf:designing-secure-systems	Designing secure systems	practitioner	3
security-architect	Security architect	Lead security architect	8b	pcf:enabling-and-informing-risk-based-decisions	Enabling and informing risk-based decisions	practitioner	3
security-architect	Security architect	Lead security architect	8b	pcf:research-and-innovation	Research and innovation	practitioner	3
security-architect	Security architect	Lead security architect	8b	pcf:security-technology	Security technology	expert	4
security-architect	Security architect	Lead security architect	8b	pcf:understanding-security-implications-of-transformation	Understanding security implications of transformation	practitioner	3
security-architect	Security architect	Lead security architect	8b	health-care-context	Understanding health and care services	practitioner	3
security-architect	Security architect	Lead security architect	8b	information-governance	Information governance and data protection	practitioner	3
security-architect	Security architect	Lead security architect	8b	identity-and-access-management	Identity and access management	expert	4
security-architect	Security architect	Lead security architect	8b	vulnerability-management	Vulnerability management	practitioner	3
security-architect	Security architect	Lead security architect	8b	security-operations	Security operations	working	2
security-architect	Security architect	Lead security architect	8b	clinical-safety	Clinical risk management	working	2
security-architect	Security architect	Lead security architect	8b	risk-management	Organisational risk management	practitioner	3
security-architect	Security architect	Lead security architect	8b	people-management	People management	practitioner	3
security-architect	Security architect	Principal security architect	8c	pcf:analysis	Analysis	expert	4
security-architect	Security architect	Principal security architect	8c	pcf:communication-security-architect	Communication (security architect)	expert	4
security-architect	Security architect	Principal security architect	8c	pcf:designing-secure-systems	Designing secure systems	expert	4
security-architect	Security architect	Principal security architect	8c	pcf:enabling-and-informing-risk-based-decisions	Enabling and informing risk-based decisions	expert	4
security-architect	Security architect	Principal security architect	8c	pcf:research-and-innovation	Research and innovation	practitioner	3
security-architect	Security architect	Principal security architect	8c	pcf:security-technology	Security technology	expert	4
security-architect	Security architect	Principal security architect	8c	pcf:understanding-security-implications-of-transformation	Understanding security implications of transformation	expert	4
security-architect	Security architect	Principal security architect	8c	health-care-context	Understanding health and care services	practitioner	3
security-architect	Security architect	Principal security architect	8c	information-governance	Information governance and data protection	expert	4
security-architect	Security architect	Principal security architect	8c	identity-and-access-management	Identity and access management	expert	4
security-architect	Security architect	Principal security architect	8c	vulnerability-management	Vulnerability management	practitioner	3
security-architect	Security architect	Principal security architect	8c	security-operations	Security operations	practitioner	3
security-architect	Security architect	Principal security architect	8c	clinical-safety	Clinical risk management	practitioner	3
security-architect	Security architect	Principal security architect	8c	medical-device-regulation	Medical device software regulation	working	2
security-architect	Security architect	Principal security architect	8c	risk-management	Organisational risk management	expert	4
security-architect	Security architect	Principal security architect	8c	people-management	People management	practitioner	3
security-engineer	Security engineer	Security engineer	6	pcf:security-technology	Security technology	working	2
security-engineer	Security engineer	Security engineer	6	pcf:information-security	Information security	working	2
security-engineer	Security engineer	Security engineer	6	pcf:cyber-incident-management	Cyber incident management	awareness	1
security-engineer	Security engineer	Security engineer	6	identity-and-access-management	Identity and access management	working	2
security-engineer	Security engineer	Security engineer	6	vulnerability-management	Vulnerability management	working	2
security-engineer	Security engineer	Security engineer	6	security-operations	Security operations	working	2
security-engineer	Security engineer	Security engineer	6	information-governance	Information governance and data protection	working	2
security-engineer	Security engineer	Security engineer	6	health-care-context	Understanding health and care services	working	2
security-engineer	Security engineer	Senior security engineer	7	pcf:security-technology	Security technology	practitioner	3
security-engineer	Security engineer	Senior security engineer	7	pcf:information-security	Information security	practitioner	3
security-engineer	Security engineer	Senior security engineer	7	pcf:designing-secure-systems	Designing secure systems	working	2
security-engineer	Security engineer	Senior security engineer	7	pcf:cyber-risk-management	Cyber risk management	working	2
security-engineer	Security engineer	Senior security engineer	7	identity-and-access-management	Identity and access management	practitioner	3
security-engineer	Security engineer	Senior security engineer	7	vulnerability-management	Vulnerability management	practitioner	3
security-engineer	Security engineer	Senior security engineer	7	security-operations	Security operations	working	2
security-engineer	Security engineer	Senior security engineer	7	information-governance	Information governance and data protection	working	2
security-engineer	Security engineer	Senior security engineer	7	health-care-context	Understanding health and care services	working	2
security-engineer	Security engineer	Lead security engineer	8a	pcf:security-technology	Security technology	expert	4
security-engineer	Security engineer	Lead security engineer	8a	pcf:information-security	Information security	practitioner	3
security-engineer	Security engineer	Lead security engineer	8a	pcf:designing-secure-systems	Designing secure systems	practitioner	3
security-engineer	Security engineer	Lead security engineer	8a	pcf:cyber-risk-management	Cyber risk management	practitioner	3
security-engineer	Security engineer	Lead security engineer	8a	identity-and-access-management	Identity and access management	practitioner	3
security-engineer	Security engineer	Lead security engineer	8a	vulnerability-management	Vulnerability management	practitioner	3
security-engineer	Security engineer	Lead security engineer	8a	security-operations	Security operations	practitioner	3
security-engineer	Security engineer	Lead security engineer	8a	information-governance	Information governance and data protection	practitioner	3
security-engineer	Security engineer	Lead security engineer	8a	health-care-context	Understanding health and care services	working	2
security-engineer	Security engineer	Lead security engineer	8a	people-management	People management	working	2
service-designer	Service designer	Associate service designer	4	pcf:design-communication	Design communication	awareness	1
service-designer	Service designer	Associate service designer	4	pcf:designing-for-everyone	Designing for everyone	awareness	1
service-designer	Service designer	Associate service designer	4	pcf:designing-strategically	Designing strategically	awareness	1
service-designer	Service designer	Associate service designer	4	pcf:designing-together	Designing together	awareness	1
service-designer	Service designer	Associate service designer	4	pcf:evidence-based-design	Evidence-based design	awareness	1
service-designer	Service designer	Associate service designer	4	pcf:iterative-design	Iterative design	awareness	1
service-designer	Service designer	Associate service designer	4	pcf:leading-design	Leading design	awareness	1
service-designer	Service designer	Associate service designer	4	health-care-context	Understanding health and care services	awareness	1
service-designer	Service designer	Associate service designer	4	equality-diversity-inclusion	Equality, diversity, and inclusion	awareness	1
service-designer	Service designer	Associate service designer	4	information-governance	Information governance and data protection	awareness	1
service-designer	Service designer	Junior service designer	5	pcf:design-communication	Design communication	working	2
service-designer	Service designer	Junior service designer	5	pcf:designing-for-everyone	Designing for everyone	working	2
service-designer	Service designer	Junior service designer	5	pcf:designing-strategically	Designing strategically	awareness	1
service-designer	Service designer	Junior service designer	5	pcf:designing-together	Designing together	awareness	1
service-designer	Service designer	Junior service designer	5	pcf:evidence-based-design	Evidence-based design	working	2
service-designer	Service designer	Junior service designer	5	pcf:iterative-design	Iterative design	working	2
service-designer	Service designer	Junior service designer	5	pcf:leading-design	Leading design	awareness	1
service-designer	Service designer	Junior service designer	5	health-care-context	Understanding health and care services	working	2
service-designer	Service designer	Junior service designer	5	equality-diversity-inclusion	Equality, diversity, and inclusion	working	2
service-designer	Service designer	Junior service designer	5	information-governance	Information governance and data protection	working	2
service-designer	Service designer	Junior service designer	5	clinical-safety	Clinical risk management	awareness	1
service-designer	Service designer	Junior service designer	5	pd-safety-critical-design	Designing for clinical safety and human factors	awareness	1
service-designer	Service designer	Service designer	6	pcf:design-communication	Design communication	working	2
service-designer	Service designer	Service designer	6	pcf:designing-for-everyone	Designing for everyone	working	2
service-designer	Service designer	Service designer	6	pcf:designing-strategically	Designing strategically	working	2
service-designer	Service designer	Service designer	6	pcf:designing-together	Designing together	working	2
service-designer	Service designer	Service designer	6	pcf:evidence-based-design	Evidence-based design	working	2
service-designer	Service designer	Service designer	6	pcf:iterative-design	Iterative design	working	2
service-designer	Service designer	Service designer	6	pcf:leading-design	Leading design	working	2
service-designer	Service designer	Service designer	6	health-care-context	Understanding health and care services	working	2
service-designer	Service designer	Service designer	6	equality-diversity-inclusion	Equality, diversity, and inclusion	working	2
service-designer	Service designer	Service designer	6	information-governance	Information governance and data protection	working	2
service-designer	Service designer	Service designer	6	clinical-safety	Clinical risk management	working	2
service-designer	Service designer	Service designer	6	pd-safety-critical-design	Designing for clinical safety and human factors	working	2
service-designer	Service designer	Senior service designer	7	pcf:design-communication	Design communication	practitioner	3
service-designer	Service designer	Senior service designer	7	pcf:designing-for-everyone	Designing for everyone	practitioner	3
service-designer	Service designer	Senior service designer	7	pcf:designing-strategically	Designing strategically	practitioner	3
service-designer	Service designer	Senior service designer	7	pcf:designing-together	Designing together	practitioner	3
service-designer	Service designer	Senior service designer	7	pcf:evidence-based-design	Evidence-based design	practitioner	3
service-designer	Service designer	Senior service designer	7	pcf:iterative-design	Iterative design	practitioner	3
service-designer	Service designer	Senior service designer	7	pcf:leading-design	Leading design	working	2
service-designer	Service designer	Senior service designer	7	health-care-context	Understanding health and care services	practitioner	3
service-designer	Service designer	Senior service designer	7	equality-diversity-inclusion	Equality, diversity, and inclusion	practitioner	3
service-designer	Service designer	Senior service designer	7	information-governance	Information governance and data protection	working	2
service-designer	Service designer	Senior service designer	7	clinical-safety	Clinical risk management	working	2
service-designer	Service designer	Senior service designer	7	pd-safety-critical-design	Designing for clinical safety and human factors	working	2
service-designer	Service designer	Lead service designer	8b	pcf:design-communication	Design communication	expert	4
service-designer	Service designer	Lead service designer	8b	pcf:designing-for-everyone	Designing for everyone	expert	4
service-designer	Service designer	Lead service designer	8b	pcf:designing-strategically	Designing strategically	practitioner	3
service-designer	Service designer	Lead service designer	8b	pcf:designing-together	Designing together	expert	4
service-designer	Service designer	Lead service designer	8b	pcf:evidence-based-design	Evidence-based design	expert	4
service-designer	Service designer	Lead service designer	8b	pcf:iterative-design	Iterative design	expert	4
service-designer	Service designer	Lead service designer	8b	pcf:leading-design	Leading design	practitioner	3
service-designer	Service designer	Lead service designer	8b	health-care-context	Understanding health and care services	practitioner	3
service-designer	Service designer	Lead service designer	8b	equality-diversity-inclusion	Equality, diversity, and inclusion	practitioner	3
service-designer	Service designer	Lead service designer	8b	information-governance	Information governance and data protection	practitioner	3
service-designer	Service designer	Lead service designer	8b	clinical-safety	Clinical risk management	practitioner	3
service-designer	Service designer	Lead service designer	8b	pd-safety-critical-design	Designing for clinical safety and human factors	practitioner	3
service-designer	Service designer	Lead service designer	8b	people-management	People management	practitioner	3
service-designer	Service designer	Head of service design	8c	pcf:design-communication	Design communication	expert	4
service-designer	Service designer	Head of service design	8c	pcf:designing-for-everyone	Designing for everyone	expert	4
service-designer	Service designer	Head of service design	8c	pcf:designing-strategically	Designing strategically	expert	4
service-designer	Service designer	Head of service design	8c	pcf:designing-together	Designing together	expert	4
service-designer	Service designer	Head of service design	8c	pcf:evidence-based-design	Evidence-based design	expert	4
service-designer	Service designer	Head of service design	8c	pcf:iterative-design	Iterative design	expert	4
service-designer	Service designer	Head of service design	8c	pcf:leading-design	Leading design	expert	4
service-designer	Service designer	Head of service design	8c	health-care-context	Understanding health and care services	expert	4
service-designer	Service designer	Head of service design	8c	equality-diversity-inclusion	Equality, diversity, and inclusion	expert	4
service-designer	Service designer	Head of service design	8c	information-governance	Information governance and data protection	practitioner	3
service-designer	Service designer	Head of service design	8c	clinical-safety	Clinical risk management	practitioner	3
service-designer	Service designer	Head of service design	8c	pd-safety-critical-design	Designing for clinical safety and human factors	practitioner	3
service-designer	Service designer	Head of service design	8c	people-management	People management	expert	4
service-designer	Service designer	Head of service design	8c	budget-management	Budget management	working	2
service-desk-analyst	Service desk analyst	Service desk analyst	3	pcf:asset-and-configuration-management	Asset and configuration management	awareness	1
service-desk-analyst	Service desk analyst	Service desk analyst	3	pcf:continual-service-improvement	Continual service improvement	awareness	1
service-desk-analyst	Service desk analyst	Service desk analyst	3	pcf:customer-service-management	Customer service management	working	2
service-desk-analyst	Service desk analyst	Service desk analyst	3	pcf:it-service-reporting	IT service reporting	working	2
service-desk-analyst	Service desk analyst	Service desk analyst	3	pcf:ownership-and-initiative	Ownership and initiative	working	2
service-desk-analyst	Service desk analyst	Service desk analyst	3	pcf:service-focus	Service focus	awareness	1
service-desk-analyst	Service desk analyst	Service desk analyst	3	pcf:technical-understanding	Technical understanding	awareness	1
service-desk-analyst	Service desk analyst	Service desk analyst	3	pcf:user-focus	User focus	awareness	1
service-desk-analyst	Service desk analyst	Service desk analyst	3	health-care-context	Understanding health and care services	awareness	1
service-desk-analyst	Service desk analyst	Service desk analyst	3	information-governance	Information governance and data protection	awareness	1
service-desk-analyst	Service desk analyst	Service desk analyst	3	identity-and-access-management	Identity and access management	awareness	1
service-desk-analyst	Service desk analyst	Service desk analyst	3	security-operations	Security operations	awareness	1
service-desk-analyst	Service desk analyst	Technical service desk analyst	4	pcf:asset-and-configuration-management	Asset and configuration management	awareness	1
service-desk-analyst	Service desk analyst	Technical service desk analyst	4	pcf:continual-service-improvement	Continual service improvement	awareness	1
service-desk-analyst	Service desk analyst	Technical service desk analyst	4	pcf:customer-service-management	Customer service management	working	2
service-desk-analyst	Service desk analyst	Technical service desk analyst	4	pcf:it-service-reporting	IT service reporting	working	2
service-desk-analyst	Service desk analyst	Technical service desk analyst	4	pcf:ownership-and-initiative	Ownership and initiative	working	2
service-desk-analyst	Service desk analyst	Technical service desk analyst	4	pcf:service-focus	Service focus	awareness	1
service-desk-analyst	Service desk analyst	Technical service desk analyst	4	pcf:technical-understanding	Technical understanding	awareness	1
service-desk-analyst	Service desk analyst	Technical service desk analyst	4	pcf:user-focus	User focus	awareness	1
service-desk-analyst	Service desk analyst	Technical service desk analyst	4	health-care-context	Understanding health and care services	working	2
service-desk-analyst	Service desk analyst	Technical service desk analyst	4	information-governance	Information governance and data protection	working	2
service-desk-analyst	Service desk analyst	Technical service desk analyst	4	identity-and-access-management	Identity and access management	working	2
service-desk-analyst	Service desk analyst	Technical service desk analyst	4	security-operations	Security operations	awareness	1
service-desk-analyst	Service desk analyst	Technical service desk analyst	4	clinical-safety	Clinical risk management	awareness	1
service-desk-analyst	Service desk analyst	Senior service desk analyst	5	pcf:asset-and-configuration-management	Asset and configuration management	awareness	1
service-desk-analyst	Service desk analyst	Senior service desk analyst	5	pcf:continual-service-improvement	Continual service improvement	working	2
service-desk-analyst	Service desk analyst	Senior service desk analyst	5	pcf:customer-service-management	Customer service management	practitioner	3
service-desk-analyst	Service desk analyst	Senior service desk analyst	5	pcf:it-service-reporting	IT service reporting	working	2
service-desk-analyst	Service desk analyst	Senior service desk analyst	5	pcf:ownership-and-initiative	Ownership and initiative	working	2
service-desk-analyst	Service desk analyst	Senior service desk analyst	5	pcf:problem-management	Problem management	awareness	1
service-desk-analyst	Service desk analyst	Senior service desk analyst	5	pcf:service-focus	Service focus	working	2
service-desk-analyst	Service desk analyst	Senior service desk analyst	5	pcf:service-management-framework-knowledge	Service management framework knowledge	awareness	1
service-desk-analyst	Service desk analyst	Senior service desk analyst	5	pcf:technical-understanding	Technical understanding	awareness	1
service-desk-analyst	Service desk analyst	Senior service desk analyst	5	pcf:user-focus	User focus	working	2
service-desk-analyst	Service desk analyst	Senior service desk analyst	5	health-care-context	Understanding health and care services	working	2
service-desk-analyst	Service desk analyst	Senior service desk analyst	5	information-governance	Information governance and data protection	working	2
service-desk-analyst	Service desk analyst	Senior service desk analyst	5	identity-and-access-management	Identity and access management	working	2
service-desk-analyst	Service desk analyst	Senior service desk analyst	5	security-operations	Security operations	working	2
service-desk-analyst	Service desk analyst	Senior service desk analyst	5	clinical-safety	Clinical risk management	awareness	1
service-desk-analyst	Service desk analyst	Service desk manager	6	pcf:asset-and-configuration-management	Asset and configuration management	awareness	1
service-desk-analyst	Service desk analyst	Service desk manager	6	pcf:continual-service-improvement	Continual service improvement	working	2
service-desk-analyst	Service desk analyst	Service desk manager	6	pcf:customer-service-management	Customer service management	expert	4
service-desk-analyst	Service desk analyst	Service desk manager	6	pcf:it-service-reporting	IT service reporting	practitioner	3
service-desk-analyst	Service desk analyst	Service desk manager	6	pcf:ownership-and-initiative	Ownership and initiative	practitioner	3
service-desk-analyst	Service desk analyst	Service desk manager	6	pcf:problem-management	Problem management	working	2
service-desk-analyst	Service desk analyst	Service desk manager	6	pcf:service-focus	Service focus	working	2
service-desk-analyst	Service desk analyst	Service desk manager	6	pcf:service-management-framework-knowledge	Service management framework knowledge	working	2
service-desk-analyst	Service desk analyst	Service desk manager	6	pcf:technical-understanding	Technical understanding	working	2
service-desk-analyst	Service desk analyst	Service desk manager	6	pcf:user-focus	User focus	practitioner	3
service-desk-analyst	Service desk analyst	Service desk manager	6	health-care-context	Understanding health and care services	practitioner	3
service-desk-analyst	Service desk analyst	Service desk manager	6	information-governance	Information governance and data protection	working	2
service-desk-analyst	Service desk analyst	Service desk manager	6	identity-and-access-management	Identity and access management	practitioner	3
service-desk-analyst	Service desk analyst	Service desk manager	6	security-operations	Security operations	working	2
service-desk-analyst	Service desk analyst	Service desk manager	6	clinical-safety	Clinical risk management	working	2
service-desk-analyst	Service desk analyst	Service desk manager	6	people-management	People management	working	2
service-desk-analyst	Service desk analyst	Head of service desk	7	pcf:asset-and-configuration-management	Asset and configuration management	awareness	1
service-desk-analyst	Service desk analyst	Head of service desk	7	pcf:continual-service-improvement	Continual service improvement	practitioner	3
service-desk-analyst	Service desk analyst	Head of service desk	7	pcf:customer-service-management	Customer service management	expert	4
service-desk-analyst	Service desk analyst	Head of service desk	7	pcf:it-service-reporting	IT service reporting	expert	4
service-desk-analyst	Service desk analyst	Head of service desk	7	pcf:ownership-and-initiative	Ownership and initiative	practitioner	3
service-desk-analyst	Service desk analyst	Head of service desk	7	pcf:problem-management	Problem management	practitioner	3
service-desk-analyst	Service desk analyst	Head of service desk	7	pcf:service-focus	Service focus	practitioner	3
service-desk-analyst	Service desk analyst	Head of service desk	7	pcf:service-management-framework-knowledge	Service management framework knowledge	working	2
service-desk-analyst	Service desk analyst	Head of service desk	7	pcf:technical-understanding	Technical understanding	working	2
service-desk-analyst	Service desk analyst	Head of service desk	7	pcf:user-focus	User focus	expert	4
service-desk-analyst	Service desk analyst	Head of service desk	7	health-care-context	Understanding health and care services	practitioner	3
service-desk-analyst	Service desk analyst	Head of service desk	7	information-governance	Information governance and data protection	practitioner	3
service-desk-analyst	Service desk analyst	Head of service desk	7	identity-and-access-management	Identity and access management	practitioner	3
service-desk-analyst	Service desk analyst	Head of service desk	7	security-operations	Security operations	working	2
service-desk-analyst	Service desk analyst	Head of service desk	7	clinical-safety	Clinical risk management	working	2
service-desk-analyst	Service desk analyst	Head of service desk	7	people-management	People management	practitioner	3
service-desk-analyst	Service desk analyst	Head of service desk	7	budget-management	Budget management	working	2
service-owner	Service owner	Service owner	8b	pcf:adapting-to-delivery-methodologies	Adapting to delivery methodologies	expert	4
service-owner	Service owner	Service owner	8b	pcf:applying-user-centred-insights	Applying user-centred insights	expert	4
service-owner	Service owner	Service owner	8b	pcf:financial-ownership	Financial ownership	expert	4
service-owner	Service owner	Service owner	8b	pcf:governance-and-assurance	Governance and assurance	expert	4
service-owner	Service owner	Service owner	8b	pcf:leading-performance-and-benefits	Leading performance and benefits	expert	4
service-owner	Service owner	Service owner	8b	pcf:life-cycle-management	Life cycle management	practitioner	3
service-owner	Service owner	Service owner	8b	pcf:operational-management	Operational management	expert	4
service-owner	Service owner	Service owner	8b	pcf:stakeholder-relationship-management	Stakeholder relationship management	expert	4
service-owner	Service owner	Service owner	8b	pcf:strategic-ownership	Strategic ownership	expert	4
service-owner	Service owner	Service owner	8b	health-care-context	Understanding health and care services	practitioner	3
service-owner	Service owner	Service owner	8b	clinical-safety	Clinical risk management	practitioner	3
service-owner	Service owner	Service owner	8b	information-governance	Information governance and data protection	practitioner	3
service-owner	Service owner	Service owner	8b	medical-device-regulation	Medical device software regulation	working	2
service-owner	Service owner	Service owner	8b	risk-management	Organisational risk management	practitioner	3
service-owner	Service owner	Service owner	8b	budget-management	Budget management	practitioner	3
service-owner	Service owner	Service owner	8b	people-management	People management	practitioner	3
service-owner	Service owner	Senior service owner	8c	pcf:adapting-to-delivery-methodologies	Adapting to delivery methodologies	expert	4
service-owner	Service owner	Senior service owner	8c	pcf:applying-user-centred-insights	Applying user-centred insights	expert	4
service-owner	Service owner	Senior service owner	8c	pcf:financial-ownership	Financial ownership	expert	4
service-owner	Service owner	Senior service owner	8c	pcf:governance-and-assurance	Governance and assurance	expert	4
service-owner	Service owner	Senior service owner	8c	pcf:leading-performance-and-benefits	Leading performance and benefits	expert	4
service-owner	Service owner	Senior service owner	8c	pcf:life-cycle-management	Life cycle management	practitioner	3
service-owner	Service owner	Senior service owner	8c	pcf:operational-management	Operational management	expert	4
service-owner	Service owner	Senior service owner	8c	pcf:stakeholder-relationship-management	Stakeholder relationship management	expert	4
service-owner	Service owner	Senior service owner	8c	pcf:strategic-ownership	Strategic ownership	expert	4
service-owner	Service owner	Senior service owner	8c	health-care-context	Understanding health and care services	expert	4
service-owner	Service owner	Senior service owner	8c	clinical-safety	Clinical risk management	practitioner	3
service-owner	Service owner	Senior service owner	8c	information-governance	Information governance and data protection	practitioner	3
service-owner	Service owner	Senior service owner	8c	medical-device-regulation	Medical device software regulation	working	2
service-owner	Service owner	Senior service owner	8c	risk-management	Organisational risk management	expert	4
service-owner	Service owner	Senior service owner	8c	budget-management	Budget management	expert	4
service-owner	Service owner	Senior service owner	8c	people-management	People management	expert	4
service-owner	Service owner	Senior service owner	8c	governance-and-compliance	Corporate governance and compliance	practitioner	3
software-developer	Software developer	Apprentice software developer	4	pcf:availability-and-capacity-management	Availability and capacity management	awareness	1
software-developer	Software developer	Apprentice software developer	4	pcf:information-security	Information security	awareness	1
software-developer	Software developer	Apprentice software developer	4	pcf:modern-development-standards	Modern development standards	awareness	1
software-developer	Software developer	Apprentice software developer	4	pcf:programming-and-build-software-engineering	Programming and build (software engineering)	working	2
software-developer	Software developer	Apprentice software developer	4	pcf:prototyping	Prototyping	awareness	1
software-developer	Software developer	Apprentice software developer	4	pcf:service-support	Service support	awareness	1
software-developer	Software developer	Apprentice software developer	4	pcf:user-focus	User focus	awareness	1
software-developer	Software developer	Apprentice software developer	4	health-care-context	Understanding health and care services	awareness	1
software-developer	Software developer	Apprentice software developer	4	clinical-safety	Clinical risk management	awareness	1
software-developer	Software developer	Apprentice software developer	4	information-governance	Information governance and data protection	awareness	1
software-developer	Software developer	Junior software developer	5	pcf:availability-and-capacity-management	Availability and capacity management	awareness	1
software-developer	Software developer	Junior software developer	5	pcf:information-security	Information security	working	2
software-developer	Software developer	Junior software developer	5	pcf:modern-development-standards	Modern development standards	working	2
software-developer	Software developer	Junior software developer	5	pcf:programming-and-build-software-engineering	Programming and build (software engineering)	working	2
software-developer	Software developer	Junior software developer	5	pcf:prototyping	Prototyping	working	2
software-developer	Software developer	Junior software developer	5	pcf:service-support	Service support	working	2
software-developer	Software developer	Junior software developer	5	pcf:systems-design	Systems design	awareness	1
software-developer	Software developer	Junior software developer	5	pcf:systems-integration	Systems integration	awareness	1
software-developer	Software developer	Junior software developer	5	pcf:user-focus	User focus	awareness	1
software-developer	Software developer	Junior software developer	5	health-care-context	Understanding health and care services	awareness	1
software-developer	Software developer	Junior software developer	5	clinical-safety	Clinical risk management	awareness	1
software-developer	Software developer	Junior software developer	5	information-governance	Information governance and data protection	working	2
software-developer	Software developer	Junior software developer	5	health-data-interoperability	Health data interoperability	awareness	1
software-developer	Software developer	Software developer	6	pcf:availability-and-capacity-management	Availability and capacity management	working	2
software-developer	Software developer	Software developer	6	pcf:development-process-optimisation	Development process optimisation	awareness	1
software-developer	Software developer	Software developer	6	pcf:information-security	Information security	practitioner	3
software-developer	Software developer	Software developer	6	pcf:modern-development-standards	Modern development standards	practitioner	3
software-developer	Software developer	Software developer	6	pcf:programming-and-build-software-engineering	Programming and build (software engineering)	practitioner	3
software-developer	Software developer	Software developer	6	pcf:prototyping	Prototyping	practitioner	3
software-developer	Software developer	Software developer	6	pcf:service-support	Service support	working	2
software-developer	Software developer	Software developer	6	pcf:systems-design	Systems design	working	2
software-developer	Software developer	Software developer	6	pcf:systems-integration	Systems integration	working	2
software-developer	Software developer	Software developer	6	pcf:user-focus	User focus	practitioner	3
software-developer	Software developer	Software developer	6	health-care-context	Understanding health and care services	working	2
software-developer	Software developer	Software developer	6	clinical-safety	Clinical risk management	working	2
software-developer	Software developer	Software developer	6	information-governance	Information governance and data protection	working	2
software-developer	Software developer	Software developer	6	health-data-interoperability	Health data interoperability	working	2
software-developer	Software developer	Senior software developer	7	pcf:availability-and-capacity-management	Availability and capacity management	working	2
software-developer	Software developer	Senior software developer	7	pcf:development-process-optimisation	Development process optimisation	working	2
software-developer	Software developer	Senior software developer	7	pcf:information-security	Information security	practitioner	3
software-developer	Software developer	Senior software developer	7	pcf:modern-development-standards	Modern development standards	practitioner	3
software-developer	Software developer	Senior software developer	7	pcf:programming-and-build-software-engineering	Programming and build (software engineering)	practitioner	3
software-developer	Software developer	Senior software developer	7	pcf:prototyping	Prototyping	practitioner	3
software-developer	Software developer	Senior software developer	7	pcf:service-support	Service support	practitioner	3
software-developer	Software developer	Senior software developer	7	pcf:systems-design	Systems design	practitioner	3
software-developer	Software developer	Senior software developer	7	pcf:systems-integration	Systems integration	practitioner	3
software-developer	Software developer	Senior software developer	7	pcf:user-focus	User focus	practitioner	3
software-developer	Software developer	Senior software developer	7	health-care-context	Understanding health and care services	working	2
software-developer	Software developer	Senior software developer	7	clinical-safety	Clinical risk management	working	2
software-developer	Software developer	Senior software developer	7	information-governance	Information governance and data protection	working	2
software-developer	Software developer	Senior software developer	7	health-data-interoperability	Health data interoperability	practitioner	3
software-developer	Software developer	Senior software developer	7	medical-device-regulation	Medical device software regulation	awareness	1
software-developer	Software developer	Lead software developer	8a	pcf:availability-and-capacity-management	Availability and capacity management	working	2
software-developer	Software developer	Lead software developer	8a	pcf:development-process-optimisation	Development process optimisation	working	2
software-developer	Software developer	Lead software developer	8a	pcf:information-security	Information security	practitioner	3
software-developer	Software developer	Lead software developer	8a	pcf:modern-development-standards	Modern development standards	expert	4
software-developer	Software developer	Lead software developer	8a	pcf:programming-and-build-software-engineering	Programming and build (software engineering)	expert	4
software-developer	Software developer	Lead software developer	8a	pcf:prototyping	Prototyping	practitioner	3
software-developer	Software developer	Lead software developer	8a	pcf:service-support	Service support	practitioner	3
software-developer	Software developer	Lead software developer	8a	pcf:systems-design	Systems design	practitioner	3
software-developer	Software developer	Lead software developer	8a	pcf:systems-integration	Systems integration	practitioner	3
software-developer	Software developer	Lead software developer	8a	pcf:user-focus	User focus	practitioner	3
software-developer	Software developer	Lead software developer	8a	health-care-context	Understanding health and care services	practitioner	3
software-developer	Software developer	Lead software developer	8a	clinical-safety	Clinical risk management	working	2
software-developer	Software developer	Lead software developer	8a	information-governance	Information governance and data protection	practitioner	3
software-developer	Software developer	Lead software developer	8a	health-data-interoperability	Health data interoperability	practitioner	3
software-developer	Software developer	Lead software developer	8a	medical-device-regulation	Medical device software regulation	working	2
software-developer	Software developer	Lead software developer	8a	people-management	People management	practitioner	3
software-developer	Software developer	Principal software developer	8b	pcf:availability-and-capacity-management	Availability and capacity management	working	2
software-developer	Software developer	Principal software developer	8b	pcf:development-process-optimisation	Development process optimisation	practitioner	3
software-developer	Software developer	Principal software developer	8b	pcf:information-security	Information security	expert	4
software-developer	Software developer	Principal software developer	8b	pcf:modern-development-standards	Modern development standards	expert	4
software-developer	Software developer	Principal software developer	8b	pcf:programming-and-build-software-engineering	Programming and build (software engineering)	expert	4
software-developer	Software developer	Principal software developer	8b	pcf:prototyping	Prototyping	expert	4
software-developer	Software developer	Principal software developer	8b	pcf:service-support	Service support	practitioner	3
software-developer	Software developer	Principal software developer	8b	pcf:systems-design	Systems design	expert	4
software-developer	Software developer	Principal software developer	8b	pcf:systems-integration	Systems integration	practitioner	3
software-developer	Software developer	Principal software developer	8b	pcf:user-focus	User focus	practitioner	3
software-developer	Software developer	Principal software developer	8b	health-care-context	Understanding health and care services	practitioner	3
software-developer	Software developer	Principal software developer	8b	clinical-safety	Clinical risk management	practitioner	3
software-developer	Software developer	Principal software developer	8b	information-governance	Information governance and data protection	practitioner	3
software-developer	Software developer	Principal software developer	8b	health-data-interoperability	Health data interoperability	expert	4
software-developer	Software developer	Principal software developer	8b	medical-device-regulation	Medical device software regulation	working	2
software-developer	Software developer	Principal software developer	8b	people-management	People management	practitioner	3
solution-architect	Solution architect	Associate solution architect	6	pcf:architect-for-the-whole-context	Architect for the whole context	awareness	1
solution-architect	Solution architect	Associate solution architect	6	pcf:architecture-communication	Architecture communication	working	2
solution-architect	Solution architect	Associate solution architect	6	pcf:commercial-perspective	Commercial perspective	awareness	1
solution-architect	Solution architect	Associate solution architect	6	pcf:community-collaboration	Community collaboration	awareness	1
solution-architect	Solution architect	Associate solution architect	6	pcf:making-architectural-decisions	Making architectural decisions	awareness	1
solution-architect	Solution architect	Associate solution architect	6	pcf:problem-definition-and-shaping	Problem definition and shaping	working	2
solution-architect	Solution architect	Associate solution architect	6	pcf:strategy-design	Strategy design	awareness	1
solution-architect	Solution architect	Associate solution architect	6	pcf:technical-design-throughout-the-life-cycle	Technical design throughout the life cycle	working	2
solution-architect	Solution architect	Associate solution architect	6	health-care-context	Understanding health and care services	working	2
solution-architect	Solution architect	Associate solution architect	6	health-data-interoperability	Health data interoperability	working	2
solution-architect	Solution architect	Associate solution architect	6	information-governance	Information governance and data protection	working	2
solution-architect	Solution architect	Associate solution architect	6	clinical-safety	Clinical risk management	awareness	1
solution-architect	Solution architect	Solution architect	7	pcf:architect-for-the-whole-context	Architect for the whole context	working	2
solution-architect	Solution architect	Solution architect	7	pcf:architecture-communication	Architecture communication	practitioner	3
solution-architect	Solution architect	Solution architect	7	pcf:commercial-perspective	Commercial perspective	working	2
solution-architect	Solution architect	Solution architect	7	pcf:community-collaboration	Community collaboration	working	2
solution-architect	Solution architect	Solution architect	7	pcf:making-architectural-decisions	Making architectural decisions	working	2
solution-architect	Solution architect	Solution architect	7	pcf:problem-definition-and-shaping	Problem definition and shaping	practitioner	3
solution-architect	Solution architect	Solution architect	7	pcf:strategy-design	Strategy design	working	2
solution-architect	Solution architect	Solution architect	7	pcf:technical-design-throughout-the-life-cycle	Technical design throughout the life cycle	working	2
solution-architect	Solution architect	Solution architect	7	health-care-context	Understanding health and care services	working	2
solution-architect	Solution architect	Solution architect	7	health-data-interoperability	Health data interoperability	practitioner	3
solution-architect	Solution architect	Solution architect	7	information-governance	Information governance and data protection	working	2
solution-architect	Solution architect	Solution architect	7	clinical-safety	Clinical risk management	working	2
solution-architect	Solution architect	Solution architect	7	identity-and-access-management	Identity and access management	working	2
solution-architect	Solution architect	Senior solution architect	8a	pcf:architect-for-the-whole-context	Architect for the whole context	working	2
solution-architect	Solution architect	Senior solution architect	8a	pcf:architecture-communication	Architecture communication	practitioner	3
solution-architect	Solution architect	Senior solution architect	8a	pcf:commercial-perspective	Commercial perspective	working	2
solution-architect	Solution architect	Senior solution architect	8a	pcf:community-collaboration	Community collaboration	practitioner	3
solution-architect	Solution architect	Senior solution architect	8a	pcf:making-architectural-decisions	Making architectural decisions	practitioner	3
solution-architect	Solution architect	Senior solution architect	8a	pcf:problem-definition-and-shaping	Problem definition and shaping	practitioner	3
solution-architect	Solution architect	Senior solution architect	8a	pcf:strategy-design	Strategy design	working	2
solution-architect	Solution architect	Senior solution architect	8a	pcf:technical-design-throughout-the-life-cycle	Technical design throughout the life cycle	practitioner	3
solution-architect	Solution architect	Senior solution architect	8a	health-care-context	Understanding health and care services	practitioner	3
solution-architect	Solution architect	Senior solution architect	8a	health-data-interoperability	Health data interoperability	practitioner	3
solution-architect	Solution architect	Senior solution architect	8a	information-governance	Information governance and data protection	practitioner	3
solution-architect	Solution architect	Senior solution architect	8a	clinical-safety	Clinical risk management	working	2
solution-architect	Solution architect	Senior solution architect	8a	identity-and-access-management	Identity and access management	working	2
solution-architect	Solution architect	Senior solution architect	8a	medical-device-regulation	Medical device software regulation	awareness	1
solution-architect	Solution architect	Lead solution architect	8b	pcf:architect-for-the-whole-context	Architect for the whole context	practitioner	3
solution-architect	Solution architect	Lead solution architect	8b	pcf:architecture-communication	Architecture communication	expert	4
solution-architect	Solution architect	Lead solution architect	8b	pcf:commercial-perspective	Commercial perspective	practitioner	3
solution-architect	Solution architect	Lead solution architect	8b	pcf:community-collaboration	Community collaboration	practitioner	3
solution-architect	Solution architect	Lead solution architect	8b	pcf:making-architectural-decisions	Making architectural decisions	practitioner	3
solution-architect	Solution architect	Lead solution architect	8b	pcf:problem-definition-and-shaping	Problem definition and shaping	expert	4
solution-architect	Solution architect	Lead solution architect	8b	pcf:strategy-design	Strategy design	practitioner	3
solution-architect	Solution architect	Lead solution architect	8b	pcf:technical-design-throughout-the-life-cycle	Technical design throughout the life cycle	expert	4
solution-architect	Solution architect	Lead solution architect	8b	health-care-context	Understanding health and care services	practitioner	3
solution-architect	Solution architect	Lead solution architect	8b	health-data-interoperability	Health data interoperability	expert	4
solution-architect	Solution architect	Lead solution architect	8b	information-governance	Information governance and data protection	practitioner	3
solution-architect	Solution architect	Lead solution architect	8b	clinical-safety	Clinical risk management	practitioner	3
solution-architect	Solution architect	Lead solution architect	8b	medical-device-regulation	Medical device software regulation	working	2
solution-architect	Solution architect	Lead solution architect	8b	risk-management	Organisational risk management	working	2
solution-architect	Solution architect	Lead solution architect	8b	people-management	People management	practitioner	3
solution-architect	Solution architect	Principal solution architect	8c	pcf:architect-for-the-whole-context	Architect for the whole context	expert	4
solution-architect	Solution architect	Principal solution architect	8c	pcf:architecture-communication	Architecture communication	expert	4
solution-architect	Solution architect	Principal solution architect	8c	pcf:commercial-perspective	Commercial perspective	practitioner	3
solution-architect	Solution architect	Principal solution architect	8c	pcf:community-collaboration	Community collaboration	expert	4
solution-architect	Solution architect	Principal solution architect	8c	pcf:making-architectural-decisions	Making architectural decisions	expert	4
solution-architect	Solution architect	Principal solution architect	8c	pcf:problem-definition-and-shaping	Problem definition and shaping	expert	4
solution-architect	Solution architect	Principal solution architect	8c	pcf:strategy-design	Strategy design	expert	4
solution-architect	Solution architect	Principal solution architect	8c	pcf:technical-design-throughout-the-life-cycle	Technical design throughout the life cycle	expert	4
solution-architect	Solution architect	Principal solution architect	8c	health-care-context	Understanding health and care services	expert	4
solution-architect	Solution architect	Principal solution architect	8c	health-data-interoperability	Health data interoperability	expert	4
solution-architect	Solution architect	Principal solution architect	8c	information-governance	Information governance and data protection	practitioner	3
solution-architect	Solution architect	Principal solution architect	8c	clinical-safety	Clinical risk management	practitioner	3
solution-architect	Solution architect	Principal solution architect	8c	medical-device-regulation	Medical device software regulation	working	2
solution-architect	Solution architect	Principal solution architect	8c	risk-management	Organisational risk management	practitioner	3
solution-architect	Solution architect	Principal solution architect	8c	people-management	People management	practitioner	3
technical-architect	Technical architect	Associate technical architect	5	pcf:architect-for-the-whole-context	Architect for the whole context	awareness	1
technical-architect	Technical architect	Associate technical architect	5	pcf:architecture-communication	Architecture communication	awareness	1
technical-architect	Technical architect	Associate technical architect	5	pcf:community-collaboration	Community collaboration	awareness	1
technical-architect	Technical architect	Associate technical architect	5	pcf:making-architectural-decisions	Making architectural decisions	awareness	1
technical-architect	Technical architect	Associate technical architect	5	pcf:strategy-design	Strategy design	awareness	1
technical-architect	Technical architect	Associate technical architect	5	pcf:technical-design-throughout-the-life-cycle	Technical design throughout the life cycle	working	2
technical-architect	Technical architect	Associate technical architect	5	health-care-context	Understanding health and care services	awareness	1
technical-architect	Technical architect	Associate technical architect	5	health-data-interoperability	Health data interoperability	awareness	1
technical-architect	Technical architect	Associate technical architect	5	information-governance	Information governance and data protection	awareness	1
technical-architect	Technical architect	Associate technical architect	5	clinical-safety	Clinical risk management	awareness	1
technical-architect	Technical architect	Technical architect	6	pcf:architect-for-the-whole-context	Architect for the whole context	working	2
technical-architect	Technical architect	Technical architect	6	pcf:architecture-communication	Architecture communication	working	2
technical-architect	Technical architect	Technical architect	6	pcf:community-collaboration	Community collaboration	working	2
technical-architect	Technical architect	Technical architect	6	pcf:making-architectural-decisions	Making architectural decisions	working	2
technical-architect	Technical architect	Technical architect	6	pcf:strategy-design	Strategy design	working	2
technical-architect	Technical architect	Technical architect	6	pcf:technical-design-throughout-the-life-cycle	Technical design throughout the life cycle	working	2
technical-architect	Technical architect	Technical architect	6	health-care-context	Understanding health and care services	working	2
technical-architect	Technical architect	Technical architect	6	health-data-interoperability	Health data interoperability	working	2
technical-architect	Technical architect	Technical architect	6	information-governance	Information governance and data protection	working	2
technical-architect	Technical architect	Technical architect	6	clinical-safety	Clinical risk management	working	2
technical-architect	Technical architect	Technical architect	6	identity-and-access-management	Identity and access management	awareness	1
technical-architect	Technical architect	Senior technical architect	7	pcf:architect-for-the-whole-context	Architect for the whole context	working	2
technical-architect	Technical architect	Senior technical architect	7	pcf:architecture-communication	Architecture communication	practitioner	3
technical-architect	Technical architect	Senior technical architect	7	pcf:community-collaboration	Community collaboration	practitioner	3
technical-architect	Technical architect	Senior technical architect	7	pcf:making-architectural-decisions	Making architectural decisions	working	2
technical-architect	Technical architect	Senior technical architect	7	pcf:strategy-design	Strategy design	working	2
technical-architect	Technical architect	Senior technical architect	7	pcf:technical-design-throughout-the-life-cycle	Technical design throughout the life cycle	practitioner	3
technical-architect	Technical architect	Senior technical architect	7	health-care-context	Understanding health and care services	working	2
technical-architect	Technical architect	Senior technical architect	7	health-data-interoperability	Health data interoperability	practitioner	3
technical-architect	Technical architect	Senior technical architect	7	information-governance	Information governance and data protection	working	2
technical-architect	Technical architect	Senior technical architect	7	clinical-safety	Clinical risk management	working	2
technical-architect	Technical architect	Senior technical architect	7	identity-and-access-management	Identity and access management	working	2
technical-architect	Technical architect	Senior technical architect	7	medical-device-regulation	Medical device software regulation	awareness	1
technical-architect	Technical architect	Lead technical architect	8b	pcf:architect-for-the-whole-context	Architect for the whole context	practitioner	3
technical-architect	Technical architect	Lead technical architect	8b	pcf:architecture-communication	Architecture communication	expert	4
technical-architect	Technical architect	Lead technical architect	8b	pcf:community-collaboration	Community collaboration	practitioner	3
technical-architect	Technical architect	Lead technical architect	8b	pcf:making-architectural-decisions	Making architectural decisions	practitioner	3
technical-architect	Technical architect	Lead technical architect	8b	pcf:strategy-design	Strategy design	practitioner	3
technical-architect	Technical architect	Lead technical architect	8b	pcf:technical-design-throughout-the-life-cycle	Technical design throughout the life cycle	expert	4
technical-architect	Technical architect	Lead technical architect	8b	health-care-context	Understanding health and care services	practitioner	3
technical-architect	Technical architect	Lead technical architect	8b	health-data-interoperability	Health data interoperability	practitioner	3
technical-architect	Technical architect	Lead technical architect	8b	information-governance	Information governance and data protection	practitioner	3
technical-architect	Technical architect	Lead technical architect	8b	clinical-safety	Clinical risk management	practitioner	3
technical-architect	Technical architect	Lead technical architect	8b	identity-and-access-management	Identity and access management	practitioner	3
technical-architect	Technical architect	Lead technical architect	8b	medical-device-regulation	Medical device software regulation	working	2
technical-architect	Technical architect	Lead technical architect	8b	people-management	People management	practitioner	3
technical-architect	Technical architect	Principal technical architect	8c	pcf:architect-for-the-whole-context	Architect for the whole context	practitioner	3
technical-architect	Technical architect	Principal technical architect	8c	pcf:architecture-communication	Architecture communication	expert	4
technical-architect	Technical architect	Principal technical architect	8c	pcf:community-collaboration	Community collaboration	practitioner	3
technical-architect	Technical architect	Principal technical architect	8c	pcf:making-architectural-decisions	Making architectural decisions	expert	4
technical-architect	Technical architect	Principal technical architect	8c	pcf:strategy-design	Strategy design	expert	4
technical-architect	Technical architect	Principal technical architect	8c	pcf:technical-design-throughout-the-life-cycle	Technical design throughout the life cycle	expert	4
technical-architect	Technical architect	Principal technical architect	8c	health-care-context	Understanding health and care services	practitioner	3
technical-architect	Technical architect	Principal technical architect	8c	health-data-interoperability	Health data interoperability	expert	4
technical-architect	Technical architect	Principal technical architect	8c	information-governance	Information governance and data protection	practitioner	3
technical-architect	Technical architect	Principal technical architect	8c	clinical-safety	Clinical risk management	practitioner	3
technical-architect	Technical architect	Principal technical architect	8c	identity-and-access-management	Identity and access management	practitioner	3
technical-architect	Technical architect	Principal technical architect	8c	risk-management	Organisational risk management	practitioner	3
technical-architect	Technical architect	Principal technical architect	8c	people-management	People management	practitioner	3
test-engineer	Test engineer	Associate test engineer	4	pcf:communicating-between-the-technical-and-non-technical	Communicating between the technical and non-technical	awareness	1
test-engineer	Test engineer	Associate test engineer	4	pcf:designing-and-executing-tests	Designing and executing tests	awareness	1
test-engineer	Test engineer	Associate test engineer	4	pcf:managing-reporting-and-resolving-defects	Managing, reporting and resolving defects	awareness	1
test-engineer	Test engineer	Associate test engineer	4	pcf:test-analysis	Test analysis	awareness	1
test-engineer	Test engineer	Associate test engineer	4	pcf:test-and-quality-planning	Test and quality planning	awareness	1
test-engineer	Test engineer	Associate test engineer	4	pcf:test-engineering	Test engineering	awareness	1
test-engineer	Test engineer	Associate test engineer	4	health-care-context	Understanding health and care services	awareness	1
test-engineer	Test engineer	Associate test engineer	4	clinical-safety	Clinical risk management	awareness	1
test-engineer	Test engineer	Associate test engineer	4	information-governance	Information governance and data protection	awareness	1
test-engineer	Test engineer	Test engineer	6	pcf:communicating-between-the-technical-and-non-technical	Communicating between the technical and non-technical	working	2
test-engineer	Test engineer	Test engineer	6	pcf:designing-and-executing-tests	Designing and executing tests	working	2
test-engineer	Test engineer	Test engineer	6	pcf:managing-reporting-and-resolving-defects	Managing, reporting and resolving defects	working	2
test-engineer	Test engineer	Test engineer	6	pcf:test-analysis	Test analysis	working	2
test-engineer	Test engineer	Test engineer	6	pcf:test-and-quality-planning	Test and quality planning	working	2
test-engineer	Test engineer	Test engineer	6	pcf:test-engineering	Test engineering	working	2
test-engineer	Test engineer	Test engineer	6	health-care-context	Understanding health and care services	working	2
test-engineer	Test engineer	Test engineer	6	clinical-safety	Clinical risk management	working	2
test-engineer	Test engineer	Test engineer	6	information-governance	Information governance and data protection	working	2
test-engineer	Test engineer	Test engineer	6	health-data-interoperability	Health data interoperability	working	2
test-engineer	Test engineer	Senior test engineer	7	pcf:communicating-between-the-technical-and-non-technical	Communicating between the technical and non-technical	practitioner	3
test-engineer	Test engineer	Senior test engineer	7	pcf:designing-and-executing-tests	Designing and executing tests	practitioner	3
test-engineer	Test engineer	Senior test engineer	7	pcf:managing-reporting-and-resolving-defects	Managing, reporting and resolving defects	practitioner	3
test-engineer	Test engineer	Senior test engineer	7	pcf:test-analysis	Test analysis	practitioner	3
test-engineer	Test engineer	Senior test engineer	7	pcf:test-and-quality-planning	Test and quality planning	practitioner	3
test-engineer	Test engineer	Senior test engineer	7	pcf:test-engineering	Test engineering	practitioner	3
test-engineer	Test engineer	Senior test engineer	7	health-care-context	Understanding health and care services	working	2
test-engineer	Test engineer	Senior test engineer	7	clinical-safety	Clinical risk management	working	2
test-engineer	Test engineer	Senior test engineer	7	information-governance	Information governance and data protection	working	2
test-engineer	Test engineer	Senior test engineer	7	health-data-interoperability	Health data interoperability	practitioner	3
test-engineer	Test engineer	Senior test engineer	7	medical-device-regulation	Medical device software regulation	awareness	1
test-engineer	Test engineer	Lead test engineer	8a	pcf:communicating-between-the-technical-and-non-technical	Communicating between the technical and non-technical	expert	4
test-engineer	Test engineer	Lead test engineer	8a	pcf:designing-and-executing-tests	Designing and executing tests	expert	4
test-engineer	Test engineer	Lead test engineer	8a	pcf:managing-reporting-and-resolving-defects	Managing, reporting and resolving defects	expert	4
test-engineer	Test engineer	Lead test engineer	8a	pcf:test-analysis	Test analysis	expert	4
test-engineer	Test engineer	Lead test engineer	8a	pcf:test-and-quality-planning	Test and quality planning	expert	4
test-engineer	Test engineer	Lead test engineer	8a	pcf:test-engineering	Test engineering	expert	4
test-engineer	Test engineer	Lead test engineer	8a	health-care-context	Understanding health and care services	practitioner	3
test-engineer	Test engineer	Lead test engineer	8a	clinical-safety	Clinical risk management	practitioner	3
test-engineer	Test engineer	Lead test engineer	8a	information-governance	Information governance and data protection	working	2
test-engineer	Test engineer	Lead test engineer	8a	health-data-interoperability	Health data interoperability	practitioner	3
test-engineer	Test engineer	Lead test engineer	8a	medical-device-regulation	Medical device software regulation	working	2
test-engineer	Test engineer	Lead test engineer	8a	people-management	People management	working	2
test-manager	Test manager	Test manager	7	pcf:communicating-between-the-technical-and-non-technical	Communicating between the technical and non-technical	expert	4
test-manager	Test manager	Test manager	7	pcf:designing-and-executing-tests	Designing and executing tests	practitioner	3
test-manager	Test manager	Test manager	7	pcf:managing-reporting-and-resolving-defects	Managing, reporting and resolving defects	expert	4
test-manager	Test manager	Test manager	7	pcf:test-analysis	Test analysis	practitioner	3
test-manager	Test manager	Test manager	7	pcf:test-and-quality-planning	Test and quality planning	expert	4
test-manager	Test manager	Test manager	7	pcf:test-engineering	Test engineering	awareness	1
test-manager	Test manager	Test manager	7	health-care-context	Understanding health and care services	practitioner	3
test-manager	Test manager	Test manager	7	clinical-safety	Clinical risk management	practitioner	3
test-manager	Test manager	Test manager	7	information-governance	Information governance and data protection	working	2
test-manager	Test manager	Test manager	7	health-data-interoperability	Health data interoperability	working	2
test-manager	Test manager	Test manager	7	medical-device-regulation	Medical device software regulation	working	2
test-manager	Test manager	Test manager	7	people-management	People management	practitioner	3
test-manager	Test manager	Head of test	8c	pcf:communicating-between-the-technical-and-non-technical	Communicating between the technical and non-technical	expert	4
test-manager	Test manager	Head of test	8c	pcf:designing-and-executing-tests	Designing and executing tests	expert	4
test-manager	Test manager	Head of test	8c	pcf:managing-reporting-and-resolving-defects	Managing, reporting and resolving defects	expert	4
test-manager	Test manager	Head of test	8c	pcf:test-analysis	Test analysis	expert	4
test-manager	Test manager	Head of test	8c	pcf:test-and-quality-planning	Test and quality planning	expert	4
test-manager	Test manager	Head of test	8c	pcf:test-engineering	Test engineering	awareness	1
test-manager	Test manager	Head of test	8c	health-care-context	Understanding health and care services	practitioner	3
test-manager	Test manager	Head of test	8c	clinical-safety	Clinical risk management	practitioner	3
test-manager	Test manager	Head of test	8c	information-governance	Information governance and data protection	practitioner	3
test-manager	Test manager	Head of test	8c	medical-device-regulation	Medical device software regulation	practitioner	3
test-manager	Test manager	Head of test	8c	people-management	People management	expert	4
test-manager	Test manager	Head of test	8c	budget-management	Budget management	practitioner	3
test-manager	Test manager	Head of test	8c	pcf:commercial-management	Commercial management	working	2
user-researcher	User researcher	Associate user researcher	4	pcf:agile-research-practices	Agile research practices	awareness	1
user-researcher	User researcher	Associate user researcher	4	pcf:analysis-and-synthesis	Analysis and synthesis	awareness	1
user-researcher	User researcher	Associate user researcher	4	pcf:inclusive-research	Inclusive research	awareness	1
user-researcher	User researcher	Associate user researcher	4	pcf:research-management-leadership-and-assurance	Research management, leadership and assurance	awareness	1
user-researcher	User researcher	Associate user researcher	4	pcf:stakeholder-relationship-management	Stakeholder relationship management	awareness	1
user-researcher	User researcher	Associate user researcher	4	pcf:user-research-methods	User research methods	awareness	1
user-researcher	User researcher	Associate user researcher	4	pcf:user-centred-practice-and-advocacy	User-centred practice and advocacy	awareness	1
user-researcher	User researcher	Associate user researcher	4	health-care-context	Understanding health and care services	awareness	1
user-researcher	User researcher	Associate user researcher	4	pd-health-research-ethics	Ethical research with patients and care staff	awareness	1
user-researcher	User researcher	Associate user researcher	4	information-governance	Information governance and data protection	awareness	1
user-researcher	User researcher	Associate user researcher	4	equality-diversity-inclusion	Equality, diversity, and inclusion	awareness	1
user-researcher	User researcher	Junior user researcher	5	pcf:agile-research-practices	Agile research practices	awareness	1
user-researcher	User researcher	Junior user researcher	5	pcf:analysis-and-synthesis	Analysis and synthesis	working	2
user-researcher	User researcher	Junior user researcher	5	pcf:inclusive-research	Inclusive research	awareness	1
user-researcher	User researcher	Junior user researcher	5	pcf:research-management-leadership-and-assurance	Research management, leadership and assurance	awareness	1
user-researcher	User researcher	Junior user researcher	5	pcf:stakeholder-relationship-management	Stakeholder relationship management	awareness	1
user-researcher	User researcher	Junior user researcher	5	pcf:user-research-methods	User research methods	working	2
user-researcher	User researcher	Junior user researcher	5	pcf:user-centred-practice-and-advocacy	User-centred practice and advocacy	awareness	1
user-researcher	User researcher	Junior user researcher	5	health-care-context	Understanding health and care services	awareness	1
user-researcher	User researcher	Junior user researcher	5	pd-health-research-ethics	Ethical research with patients and care staff	working	2
user-researcher	User researcher	Junior user researcher	5	information-governance	Information governance and data protection	working	2
user-researcher	User researcher	Junior user researcher	5	equality-diversity-inclusion	Equality, diversity, and inclusion	working	2
user-researcher	User researcher	User researcher	6	pcf:agile-research-practices	Agile research practices	working	2
user-researcher	User researcher	User researcher	6	pcf:analysis-and-synthesis	Analysis and synthesis	working	2
user-researcher	User researcher	User researcher	6	pcf:inclusive-research	Inclusive research	working	2
user-researcher	User researcher	User researcher	6	pcf:research-management-leadership-and-assurance	Research management, leadership and assurance	working	2
user-researcher	User researcher	User researcher	6	pcf:stakeholder-relationship-management	Stakeholder relationship management	working	2
user-researcher	User researcher	User researcher	6	pcf:user-research-methods	User research methods	working	2
user-researcher	User researcher	User researcher	6	pcf:user-centred-practice-and-advocacy	User-centred practice and advocacy	working	2
user-researcher	User researcher	User researcher	6	health-care-context	Understanding health and care services	working	2
user-researcher	User researcher	User researcher	6	pd-health-research-ethics	Ethical research with patients and care staff	working	2
user-researcher	User researcher	User researcher	6	information-governance	Information governance and data protection	working	2
user-researcher	User researcher	User researcher	6	equality-diversity-inclusion	Equality, diversity, and inclusion	working	2
user-researcher	User researcher	User researcher	6	clinical-safety	Clinical risk management	awareness	1
user-researcher	User researcher	Senior user researcher	7	pcf:agile-research-practices	Agile research practices	practitioner	3
user-researcher	User researcher	Senior user researcher	7	pcf:analysis-and-synthesis	Analysis and synthesis	practitioner	3
user-researcher	User researcher	Senior user researcher	7	pcf:inclusive-research	Inclusive research	practitioner	3
user-researcher	User researcher	Senior user researcher	7	pcf:research-management-leadership-and-assurance	Research management, leadership and assurance	practitioner	3
user-researcher	User researcher	Senior user researcher	7	pcf:stakeholder-relationship-management	Stakeholder relationship management	practitioner	3
user-researcher	User researcher	Senior user researcher	7	pcf:user-research-methods	User research methods	practitioner	3
user-researcher	User researcher	Senior user researcher	7	pcf:user-centred-practice-and-advocacy	User-centred practice and advocacy	practitioner	3
user-researcher	User researcher	Senior user researcher	7	health-care-context	Understanding health and care services	practitioner	3
user-researcher	User researcher	Senior user researcher	7	pd-health-research-ethics	Ethical research with patients and care staff	practitioner	3
user-researcher	User researcher	Senior user researcher	7	information-governance	Information governance and data protection	working	2
user-researcher	User researcher	Senior user researcher	7	equality-diversity-inclusion	Equality, diversity, and inclusion	practitioner	3
user-researcher	User researcher	Senior user researcher	7	clinical-safety	Clinical risk management	working	2
user-researcher	User researcher	Lead user researcher	8b	pcf:agile-research-practices	Agile research practices	practitioner	3
user-researcher	User researcher	Lead user researcher	8b	pcf:analysis-and-synthesis	Analysis and synthesis	expert	4
user-researcher	User researcher	Lead user researcher	8b	pcf:inclusive-research	Inclusive research	practitioner	3
user-researcher	User researcher	Lead user researcher	8b	pcf:research-management-leadership-and-assurance	Research management, leadership and assurance	expert	4
user-researcher	User researcher	Lead user researcher	8b	pcf:stakeholder-relationship-management	Stakeholder relationship management	expert	4
user-researcher	User researcher	Lead user researcher	8b	pcf:user-research-methods	User research methods	expert	4
user-researcher	User researcher	Lead user researcher	8b	pcf:user-centred-practice-and-advocacy	User-centred practice and advocacy	practitioner	3
user-researcher	User researcher	Lead user researcher	8b	health-care-context	Understanding health and care services	practitioner	3
user-researcher	User researcher	Lead user researcher	8b	pd-health-research-ethics	Ethical research with patients and care staff	practitioner	3
user-researcher	User researcher	Lead user researcher	8b	information-governance	Information governance and data protection	practitioner	3
user-researcher	User researcher	Lead user researcher	8b	equality-diversity-inclusion	Equality, diversity, and inclusion	practitioner	3
user-researcher	User researcher	Lead user researcher	8b	clinical-safety	Clinical risk management	working	2
user-researcher	User researcher	Lead user researcher	8b	people-management	People management	practitioner	3
user-researcher	User researcher	Head of user research	8c	pcf:agile-research-practices	Agile research practices	expert	4
user-researcher	User researcher	Head of user research	8c	pcf:analysis-and-synthesis	Analysis and synthesis	expert	4
user-researcher	User researcher	Head of user research	8c	pcf:inclusive-research	Inclusive research	expert	4
user-researcher	User researcher	Head of user research	8c	pcf:research-management-leadership-and-assurance	Research management, leadership and assurance	expert	4
user-researcher	User researcher	Head of user research	8c	pcf:stakeholder-relationship-management	Stakeholder relationship management	expert	4
user-researcher	User researcher	Head of user research	8c	pcf:user-research-methods	User research methods	expert	4
user-researcher	User researcher	Head of user research	8c	pcf:user-centred-practice-and-advocacy	User-centred practice and advocacy	expert	4
user-researcher	User researcher	Head of user research	8c	health-care-context	Understanding health and care services	expert	4
user-researcher	User researcher	Head of user research	8c	pd-health-research-ethics	Ethical research with patients and care staff	expert	4
user-researcher	User researcher	Head of user research	8c	information-governance	Information governance and data protection	practitioner	3
user-researcher	User researcher	Head of user research	8c	equality-diversity-inclusion	Equality, diversity, and inclusion	expert	4
user-researcher	User researcher	Head of user research	8c	clinical-safety	Clinical risk management	working	2
user-researcher	User researcher	Head of user research	8c	people-management	People management	expert	4
user-researcher	User researcher	Head of user research	8c	budget-management	Budget management	working	2
